,underlying_symbol,date,dominant_id,open,close,high,low,total_turnover,volume,prev_close,settlement,prev_settlement,open_interest,limit_up,limit_down,day_session_open,multiplier,profit,sigma5,sigma20,sigma40,sigma63,sigma126,sigma252
0,BR,2023-07-28,BR2401,10750.0,10755.0,10880.0,10560.0,0,82745,9990.0,10720.0,9990.0,15177,11985.0,7990.0,10750,5,0.07657657657657657,,,,,,
1,,2023-07-31,BR2401,10790.0,10985.0,11105.0,10765.0,0,98875,10755.0,10965.0,10720.0,26887,11790.0,9645.0,11025,5,0.021385402138540215,,,,,,
2,,2023-08-01,BR2401,10990.0,10970.0,11045.0,10855.0,0,28220,10985.0,10955.0,10965.0,32618,12060.0,9865.0,10985,5,-0.0013654984069185253,,,,,,
3,,2023-08-02,BR2401,10980.0,11115.0,11125.0,10910.0,0,34104,10970.0,11010.0,10955.0,40458,12050.0,9855.0,10975,5,0.013217866909753875,,,,,,
4,,2023-08-03,BR2401,11110.0,11320.0,11450.0,11105.0,0,125082,11115.0,11315.0,11010.0,50425,12110.0,9905.0,11235,5,0.018443544759334234,0.029782675621729964,,,,,
5,,2023-08-04,BR2401,11390.0,11360.0,11440.0,11250.0,0,41173,11320.0,11325.0,11315.0,52551,12445.0,10180.0,11340,5,0.0035335689045936395,0.009706000449384541,,,,,
6,,2023-08-07,BR2401,11390.0,11385.0,11420.0,11255.0,0,40097,11360.0,11320.0,11325.0,55892,12455.0,10190.0,11310,5,0.0022007042253521128,0.008283044078623932,,,,,
7,,2023-08-08,BR2401,11510.0,11280.0,11510.0,11270.0,0,33336,11385.0,11370.0,11320.0,58286,12450.0,10185.0,11370,5,-0.00922266139657444,0.010706530611422226,,,,,
8,,2023-08-09,BR2401,11225.0,11365.0,11380.0,11175.0,0,21325,11280.0,11305.0,11370.0,59772,12505.0,10230.0,11330,5,0.007535460992907801,0.009977081640129332,,,,,
9,,2023-08-10,BR2401,11365.0,11230.0,11375.0,11220.0,0,22536,11365.0,11310.0,11305.0,61759,12435.0,10170.0,11335,5,-0.011878574571051475,0.008485339025542665,,,,,
10,,2023-08-11,BR2401,11200.0,11335.0,11380.0,11200.0,0,24133,11230.0,11310.0,11310.0,64156,12440.0,10175.0,11305,5,0.009349955476402494,0.009674629424906357,,,,,
11,,2023-08-14,BR2401,11335.0,11300.0,11370.0,11230.0,0,20017,11335.0,11295.0,11310.0,66777,12440.0,10175.0,11370,5,-0.0030877812086457872,0.009607662736032106,,,,,
12,,2023-08-15,BR2401,11295.0,11320.0,11420.0,11285.0,0,21199,11300.0,11335.0,11295.0,69476,12420.0,10165.0,11345,5,0.0017699115044247787,0.008591429595571671,,,,,
13,,2023-08-16,BR2401,11300.0,11295.0,11350.0,11230.0,0,19124,11320.0,11295.0,11335.0,72243,12465.0,10200.0,11300,5,-0.002208480565371025,0.0077255102806213245,,,,,
14,,2023-08-17,BR2401,11300.0,11315.0,11380.0,11250.0,0,19886,11295.0,11315.0,11295.0,74564,12420.0,10165.0,11340,5,0.0017706949977866313,0.004913418234792602,,,,,
15,,2023-08-18,BR2401,11330.0,11275.0,11445.0,11270.0,0,31607,11315.0,11350.0,11315.0,75511,12445.0,10180.0,11365,5,-0.003535130357931949,0.002625756597648307,,,,,
16,,2023-08-21,BR2401,11285.0,11420.0,11420.0,11275.0,0,27737,11275.0,11355.0,11350.0,75520,12485.0,10215.0,11370,5,0.012860310421286032,0.006448147611123629,,,,,
17,,2023-08-22,BR2401,11430.0,11440.0,11560.0,11320.0,0,26211,11420.0,11405.0,11355.0,75477,12490.0,10215.0,11385,5,0.0017513134851138354,0.006448413668974275,,,,,
18,,2023-08-23,BR2401,11420.0,11530.0,11725.0,11405.0,0,52583,11440.0,11535.0,11405.0,78025,12545.0,10260.0,11500,5,0.007867132867132868,0.006327763185033016,,,,,
19,,2023-08-24,BR2401,11550.0,11580.0,11670.0,11520.0,0,63012,11530.0,11605.0,11535.0,79707,12685.0,10380.0,11620,5,0.004336513443191674,0.006189829879036838,0.018300808335190783,,,,
20,,2023-08-25,BR2401,11610.0,11875.0,11900.0,11545.0,0,58503,11580.0,11700.0,11605.0,87981,12765.0,10440.0,11600,5,0.02547495682210708,0.009371121434769635,0.0097091287642378,,,,
21,,2023-08-28,BR2401,11900.0,11930.0,12200.0,11780.0,0,53682,11875.0,11960.0,11700.0,91410,12870.0,10530.0,11925,5,0.0046315789473684215,0.009564336067728219,0.008911937590599597,,,,
22,,2023-08-29,BR2401,11945.0,12070.0,12115.0,11825.0,0,35585,11930.0,12000.0,11960.0,94611,13155.0,10760.0,12040,5,0.01173512154233026,0.008727201526228849,0.008964780649645699,,,,
23,,2023-08-30,BR2401,12030.0,12100.0,12145.0,11950.0,0,40845,12070.0,12070.0,12000.0,95440,13200.0,10800.0,12120,5,0.0024855012427506215,0.009480117312789513,0.008754853638103417,,,,
24,,2023-08-31,BR2401,12130.0,12145.0,12180.0,12020.0,0,33493,12100.0,12090.0,12070.0,93387,13275.0,10860.0,12060,5,0.00371900826446281,0.00957157165707184,0.008096407495563437,,,,
25,,2023-09-01,BR2401,12250.0,13295.0,13295.0,12190.0,0,110900,12145.0,12780.0,12090.0,112433,13295.0,10880.0,13295,5,0.09468917249897077,0.03998503866442272,0.021927576390045923,,,,
26,,2023-09-04,BR2401,13900.0,13680.0,14440.0,13590.0,0,436830,13295.0,14115.0,12780.0,113282,14440.0,11115.0,14370,5,0.028958254983076345,0.03857772254809506,0.022359933062105736,,,,
27,,2023-09-05,BR2401,13745.0,14385.0,14575.0,13570.0,0,695790,13680.0,14305.0,14115.0,131897,15525.0,12700.0,14350,5,0.051535087719298246,0.038406520861745175,0.023772233822787314,,,,
28,,2023-09-06,BR2401,14300.0,14180.0,14600.0,14020.0,0,546732,14385.0,14300.0,14305.0,134842,15735.0,12870.0,14330,5,-0.014250955856795273,0.04258944725207736,0.02449916717794848,,,,
29,,2023-09-07,BR2401,14200.0,14080.0,14285.0,13465.0,0,467673,14180.0,13930.0,14300.0,136399,15730.0,12870.0,14155,5,-0.007052186177715092,0.044658526514861484,0.02428061154281845,,,,
30,,2023-09-08,BR2401,14080.0,13550.0,14360.0,13515.0,0,508994,14080.0,13850.0,13930.0,127557,15320.0,12535.0,13625,5,-0.037642045454545456,0.03560662809787219,0.026669988100078496,,,,
31,,2023-09-11,BR2401,13625.0,13675.0,13855.0,13340.0,0,237916,13550.0,13640.0,13850.0,124473,15235.0,12465.0,13675,5,0.00922509225092251,0.03320412403773065,0.026510853406071525,,,,
32,,2023-09-12,BR2401,13745.0,14140.0,14240.0,13730.0,0,287303,13675.0,14035.0,13640.0,132633,15000.0,12275.0,13995,5,0.0340036563071298,0.026747412666819747,0.026966089092703437,,,,
33,,2023-09-13,BR2401,14140.0,13745.0,14170.0,13590.0,0,201718,14140.0,13855.0,14035.0,124504,15435.0,12630.0,13900,5,-0.027934936350777935,0.028790152924340538,0.028238869023456674,,,,
34,,2023-09-14,BR2401,13820.0,13920.0,13950.0,13580.0,0,161526,13745.0,13755.0,13855.0,129664,15240.0,12465.0,13660,5,0.012731902510003638,0.029925916035979813,0.0281723101977729,,,,
35,,2023-09-15,BR2401,14000.0,13860.0,14065.0,13710.0,0,142188,13920.0,13850.0,13755.0,126004,15130.0,12375.0,13810,5,-0.004310344827586207,0.0228577574275639,0.028193566690606464,,,,
36,,2023-09-18,BR2401,13900.0,13855.0,13980.0,13665.0,0,110107,13860.0,13820.0,13850.0,121960,15235.0,12465.0,13810,5,-0.00036075036075036075,0.022789751851627772,0.028296063199661235,,,,
37,,2023-09-19,BR2401,13895.0,13740.0,14030.0,13725.0,0,98674,13855.0,13875.0,13820.0,120067,15200.0,12435.0,13870,5,-0.008300252616383976,0.014758948650533375,0.028539985491872626,,,,
38,,2023-09-20,BR2401,13740.0,13605.0,13920.0,13565.0,0,87657,13740.0,13740.0,13875.0,121243,15260.0,12485.0,13815,5,-0.009825327510917031,0.009027484128295184,0.028868087318147162,,,,
39,,2023-09-21,BR2401,13500.0,13230.0,13565.0,13150.0,0,121727,13605.0,13405.0,13740.0,115026,15110.0,12365.0,13345,5,-0.027563395810363836,0.010448132648751801,0.029981217765639587,0.02451804852621818,,,
40,,2023-09-22,BR2401,13300.0,13515.0,13530.0,13280.0,0,63709,13230.0,13400.0,13405.0,111770,14745.0,12060.0,13350,5,0.021541950113378686,0.017813138266419153,0.029867014378008636,0.02194139153834166,,,
41,,2023-09-25,BR2401,13530.0,13235.0,13595.0,13070.0,0,70314,13515.0,13340.0,13400.0,106714,14740.0,12060.0,13445,5,-0.020717721050684423,0.018814107210957345,0.030499557143216352,0.022190673747555886,,,
42,,2023-09-26,BR2401,13245.0,12860.0,13245.0,12785.0,0,83263,13235.0,12970.0,13340.0,104531,14670.0,12005.0,12890,5,-0.028333962976955042,0.020676127159030593,0.031380941429826295,0.022787661272500787,,,
43,,2023-09-27,BR2401,12840.0,12775.0,12890.0,12645.0,0,72612,12860.0,12750.0,12970.0,101412,14265.0,11670.0,12750,5,-0.006609642301710731,0.020848071404721735,0.0314641889015772,0.022802752209245304,,,
44,,2023-09-28,BR2401,12820.0,12765.0,13085.0,12755.0,0,76802,12775.0,12890.0,12750.0,93608,14280.0,11220.0,12875,5,-0.0007827788649706458,0.019343998206484556,0.03147619352497049,0.022687058356579252,,,
45,,2023-10-09,BR2401,12550.0,12650.0,12745.0,12445.0,0,31325,12765.0,12650.0,12890.0,95622,14435.0,11340.0,12550,5,-0.009009009009009009,0.011187914787428217,0.022957110313485397,0.022769597608225854,,,
46,,2023-10-10,BR2401,12600.0,12425.0,12895.0,12390.0,0,98599,12650.0,12680.0,12650.0,97924,13915.0,11385.0,12805,5,-0.017786561264822136,0.010756842243464949,0.021972638116197603,0.023004309699534948,,,
47,,2023-10-11,BR2401,12515.0,12705.0,12760.0,12435.0,0,78976,12425.0,12605.0,12680.0,100894,13945.0,11410.0,12595,5,0.022535211267605635,0.015186362375365676,0.018803526170092386,0.023139145154403035,,,
48,,2023-10-12,BR2401,12700.0,12910.0,12960.0,12650.0,0,127318,12705.0,12845.0,12605.0,105433,13865.0,11340.0,12890,5,0.016135379771743407,0.01689463974816479,0.01932404131186336,0.023219959169753814,,,
49,,2023-10-13,BR2401,12965.0,13130.0,13215.0,12890.0,0,142880,12910.0,13100.0,12845.0,106050,14125.0,11560.0,13085,5,0.017041053446940357,0.017950486519974076,0.01989917513838681,0.023180703360228545,,,
50,,2023-10-16,BR2401,13380.0,13080.0,13380.0,12955.0,0,95828,13130.0,13130.0,13100.0,102879,14410.0,11790.0,13180,5,-0.003808073115003808,0.01700479959152023,0.018190634497235847,0.023198678875536814,,,
51,,2023-10-17,BR2401,13100.0,12890.0,13220.0,12820.0,0,99415,13080.0,13000.0,13130.0,99809,14440.0,11815.0,12860,5,-0.01452599388379205,0.015848288466187348,0.018221549199986385,0.023356248585426308,,,
52,,2023-10-18,BR2401,12890.0,12590.0,12950.0,12530.0,0,111515,12890.0,12730.0,13000.0,101075,14300.0,11700.0,12810,5,-0.023273855702094646,0.01805345021308431,0.016558978915060547,0.023737902415368693,,,
53,,2023-10-19,BR2401,12650.0,12665.0,12730.0,12555.0,0,86695,12590.0,12635.0,12730.0,97104,14000.0,11455.0,12555,5,0.005957108816521049,0.015998424060893895,0.015879482616320606,0.02372768908402159,,,
54,,2023-10-20,BR2401,12720.0,12750.0,13045.0,12645.0,0,164364,12665.0,12870.0,12635.0,90910,13895.0,11370.0,12820,5,0.006711409395973154,0.01304042381890569,0.015600960287495661,0.02373326896347235,,,
55,,2023-10-23,BR2401,12800.0,12975.0,13000.0,12660.0,0,96722,12750.0,12815.0,12870.0,88973,14155.0,11580.0,12850,5,0.01764705882352941,0.016833172881895286,0.01635205998404175,0.023813997501306538,,,
56,,2023-10-24,BR2401,12995.0,12780.0,13040.0,12710.0,0,88742,12975.0,12835.0,12815.0,86944,14095.0,11530.0,12860,5,-0.015028901734104046,0.016931701650156353,0.016547375000592057,0.02394942798754317,,,
57,,2023-10-25,BR2401,12820.0,12980.0,12990.0,12770.0,0,85964,12780.0,12885.0,12835.0,77193,14115.0,11550.0,12925,5,0.01564945226917058,0.012954857124769742,0.0170704844691307,0.024030189337505035,,,
58,,2023-10-26,BR2401,13000.0,12925.0,13230.0,12830.0,0,165410,12980.0,13055.0,12885.0,62829,14170.0,11595.0,13145,5,-0.00423728813559322,0.013776299192724765,0.016993319203610382,0.024049182886661774,,,
59,,2023-10-27,BR2401,12900.0,13095.0,13115.0,12855.0,0,86728,12925.0,12970.0,13055.0,55368,14360.0,11745.0,12955,5,0.013152804642166345,0.014364525254234992,0.01624541219445115,0.0241008237421401,,,
60,,2023-10-30,BR2401,13060.0,13025.0,13130.0,12860.0,0,77991,13095.0,12985.0,12970.0,50902,14265.0,11670.0,12900,5,-0.005345551737304314,0.013103310307232104,0.015427095234937838,0.023867050809832598,,,
61,,2023-10-31,BR2402,13025.0,12923.79564879565,13055.36130536131,12655.60411810412,0,16452,13025.0,12888.37412587413,12984.51825951826,57666,14279.93395493395,11684.04234654235,12765,5,-0.007770007770007618,0.011164524022848522,0.014849268497280403,0.023920269627512255,,,
62,,2023-11-01,BR2402,12938.9763014763,13045.24087024087,13065.48174048174,12842.83216783217,0,10875,12923.79564879565,12954.15695415696,12888.37412587413,58777,14173.66938616939,11598.01864801865,12760,5,0.009397024275645888,0.00952367008017314,0.013544532487316654,0.023899406459311937,0.02182346623022825,,
63,,2023-11-02,BR2402,13065.48174048174,12989.57847707848,13131.26456876457,12923.79564879565,0,9106,13045.24087024087,13025.0,12954.15695415696,59334,14249.57264957265,11658.74125874126,12830,5,-0.004266873545383837,0.009527776408496108,0.013487064726930469,0.023921292367716333,0.019798192131597316,,
64,,2023-11-03,BR2402,12984.51825951826,12964.27738927739,13156.56565656566,12964.27738927739,0,10937,12989.57847707848,13055.36130536131,13025.0,60870,14325.47591297591,11719.46386946387,12910,5,-0.0019477989871446982,0.006699224149268012,0.013497316220373153,0.023927917891066963,0.019670145181100468,,
65,,2023-11-06,BR2402,12979.45804195804,12928.85586635587,13014.87956487957,12731.50738150738,0,15613,12964.27738927739,12878.25369075369,13055.36130536131,60487,14360.89743589744,11749.82517482518,12780,5,-0.00273224043715815,0.006469663393238501,0.013327639722125917,0.018608466818868092,0.01967558794125737,,
66,,2023-11-07,BR2402,12888.37412587413,12468.37606837607,12938.9763014763,12367.17171717172,0,17210,12928.85586635587,12696.08585858586,12878.25369075369,61894,14163.54895104895,11587.89821289821,12745,5,-0.03561643835616456,0.016874284453927295,0.01513635136451077,0.01878488174133026,0.020213051084158377,,
67,,2023-11-08,BR2402,12448.1351981352,12701.14607614608,12756.80846930847,12422.83411033411,0,14114,12468.37606837607,12620.1825951826,12696.08585858586,61687,13961.14024864025,11425.97125097125,12380,5,0.018668831168831355,0.019444896323389072,0.014859356733788435,0.0170118434697317,0.020216022783238738,,
68,,2023-11-09,BR2402,12650.5439005439,12599.94172494173,12797.29020979021,12529.09867909868,0,11542,12701.14607614608,12615.12237762238,12620.1825951826,62294,13880.17676767677,11355.12820512821,12470,5,-0.007968127490039825,0.019471929050890204,0.014461667177287769,0.01693380213116504,0.020254087317695988,,
69,,2023-11-10,BR2402,12640.42346542347,12407.65345765346,12701.14607614608,12245.7264957265,0,26181,12599.94172494173,12478.4965034965,12615.12237762238,65542,13875.11655011655,11350.06798756799,12500,5,-0.015261044176707013,0.0197019974491738,0.0141271764036532,0.017035979950136015,0.020368276320036675,,
70,,2023-11-13,BR2402,12458.25563325563,12453.19541569542,12508.85780885781,12326.68997668998,0,16461,12407.65345765346,12412.71367521368,12478.4965034965,65673,13723.31002331002,11228.62276612277,12250,5,0.0036704730831975665,0.020373860482839137,0.01419594347823789,0.016109938393762284,0.020322847035792388,,
71,,2023-11-14,BR2402,12397.53302253302,12458.25563325563,12524.03846153846,12397.53302253302,0,14892,12453.19541569542,12463.31585081585,12412.71367521368,65808,13652.46697746698,11167.90015540016,12350,5,0.0004063388866309021,0.012830690806120237,0.013912025070909679,0.01601269478389653,0.020310075352105505,,
72,,2023-11-15,BR2402,12427.89432789433,12574.64063714064,12640.42346542347,12407.65345765346,0,10732,12458.25563325563,12483.55672105672,12463.31585081585,64694,13708.12937062937,11213.44211344211,12335,5,0.009341998375305019,0.009721783591480003,0.013128390210829696,0.015027389136229622,0.020257860452581405,,
73,,2023-11-16,BR2402,12549.33954933955,12589.82128982129,12630.30303030303,12473.43628593629,0,11009,12574.64063714064,12534.1588966589,12483.55672105672,64514,13728.37024087024,11233.68298368298,12360,5,0.0012072434607644045,0.009154052124226555,0.013058136389842457,0.014474732993251737,0.020236139081834848,,
74,,2023-11-17,BR2402,12559.45998445999,12427.89432789433,12731.50738150738,12397.53302253302,0,16670,12589.82128982129,12534.1588966589,12534.1588966589,63970,13784.03263403263,11279.22494172494,12350,5,-0.01286173633440498,0.008172661021214847,0.013243768410068461,0.01436803841040647,0.020312049001977892,,
75,,2023-11-20,BR2402,12478.4965034965,12488.61693861694,12549.33954933955,12367.17171717172,0,11461,12427.89432789433,12463.31585081585,12534.1588966589,63298,13784.03263403263,11279.22494172494,12315,5,0.004885993485342011,0.00831289343177926,0.01257895140482229,0.014415592603133721,0.02031599039137825,,
76,,2023-11-21,BR2402,12518.97824397824,12351.99106449107,12584.76107226107,12291.26845376845,0,16728,12488.61693861694,12407.65345765346,12463.31585081585,61418,13708.12937062937,11213.44211344211,12290,5,-0.010940032414910513,0.009794285288008065,0.012384920643140776,0.014472282335761847,0.02037320044594118,,
77,,2023-11-22,BR2402,12387.41258741259,12174.88344988345,12458.25563325563,12083.79953379953,0,21696,12351.99106449107,12220.42540792541,12407.65345765346,60433,13647.40675990676,11162.83993783994,12115,5,-0.014338385907415516,0.008812310471253745,0.011992098336543019,0.014562715945400347,0.020472142458110847,,
78,,2023-11-23,BR2402,12144.52214452215,12362.1114996115,12412.71367521368,12129.34149184149,0,18428,12174.88344988345,12301.38888888889,12220.42540792541,57388,13439.93783993784,10995.85275835276,12200,5,0.015378221113881974,0.013106779272416168,0.012679031908130533,0.014799381275483085,0.020537692475810942,,
79,,2023-11-24,BR2402,12448.1351981352,12488.61693861694,12534.1588966589,12276.0878010878,0,15312,12362.1114996115,12377.29215229215,12301.38888888889,53622,13531.02175602176,11066.6958041958,12195,5,0.010233319688907248,0.013085385303822621,0.012509283874799748,0.014343620016466049,0.020517253501716327,,
80,,2023-11-27,BR2402,12539.21911421911,12691.02564102564,12696.08585858586,12483.55672105672,0,39254,12488.61693861694,12559.45998445999,12377.29215229215,33075,13611.98523698524,11137.53885003885,12360,5,0.016207455429497395,0.014785530123503667,0.013144702857692916,0.014148893038654074,0.020599375512548892,,
81,,2023-11-28,BR2402,12650.5439005439,12650.5439005439,12782.10955710956,12534.1588966589,0,38983,12691.02564102564,12650.5439005439,12559.45998445999,24277,13814.39393939394,11299.46581196581,12490,5,-0.003189792663476869,0.013244314356697467,0.013064146319564261,0.01380484575839883,0.0205944133055328,,
82,,2023-11-29,BR2402,12650.5439005439,12367.17171717172,12670.78477078477,12306.44910644911,0,25918,12650.5439005439,12493.67715617716,12650.5439005439,22223,13915.59829059829,11385.48951048951,12440,5,-0.02239999999999982,0.016302986655229435,0.013655437344177039,0.01353317739702564,0.020813060779844902,,
83,,2023-11-30,BR2402,12407.65345765346,12265.96736596737,12438.01476301476,11916.81235431235,0,60380,12367.17171717172,12174.88344988345,12493.67715617716,22139,13738.49067599068,11243.80341880342,12190,5,-0.00818330605564632,0.015293390113981701,0.013708935428881793,0.013552513964805198,0.02061230602205323,,
84,,2023-12-01,BR2402,12240.66627816628,12144.52214452215,12438.01476301476,12073.6790986791,0,29858,12265.96736596737,12245.7264957265,12174.88344988345,19741,13389.33566433566,10955.37101787102,12185,5,-0.009900990099009733,0.014042162420145941,0.013798826426637793,0.013626522745794387,0.02064910069437022,,
85,,2023-12-04,BR2402,12068.61888111888,12058.49844599845,12169.82323232323,11931.99300699301,0,25309,12144.52214452215,12058.49844599845,12245.7264957265,19539,13470.29914529915,11021.15384615385,11940,5,-0.007083333333333506,0.007277384670946578,0.013825841429900426,0.013601438863661162,0.020619876436876513,,
86,,2023-12-05,BR2402,12068.61888111888,11770.06604506605,12068.61888111888,11668.86169386169,0,29501,12058.49844599845,11871.2703962704,12058.49844599845,21199,13262.83022533023,10849.10644910645,11900,5,-0.023919429290809743,0.008169897445524094,0.012582215440927786,0.01382698733435092,0.020839646496027268,,
87,,2023-12-06,BR2403,11689.5525535222,11875.74000271734,11915.99674848927,11513.42929077004,0,10036,11770.06604506605,11714.71301962965,11855.61162983138,27059,13038.15353688163,10668.03762955965,11580,5,0.008978195810174575,0.011685168312104897,0.01187878616898472,0.013387967952445269,0.020866234474497435,,
88,,2023-12-07,BR2403,11815.35488405946,11840.51535016691,11936.12512137523,11724.77720607263,0,7006,11875.74000271734,11845.5474433884,11714.71301962965,28359,12882.15864701543,10542.23529902239,11750,5,-0.0029661016949150713,0.011898135408944415,0.011827584023348603,0.013076243512967553,0.016971361004029923,,
89,,2023-12-08,BR2403,11840.51535016691,11941.15721459672,12001.54233325461,11760.00185862307,0,9960,11840.51535016691,11875.74000271734,11845.5474433884,30026,13028.08935043865,10657.97344311667,11800,5,0.008499787505312544,0.01350532325011377,0.011727997088743341,0.01282335915118182,0.016566244888231406,,
90,,2023-12-11,BR2403,11946.18930781821,11880.77209593884,11961.28558748268,11780.13023150903,0,7694,11941.15721459672,11860.64372305287,11875.74000271734,30925,13063.31400298908,10688.16600244561,11795,5,-0.005056890012641781,0.013393276201209184,0.01167407202715798,0.012828670729118937,0.015083355054631863,,
91,,2023-12-12,BR2403,11825.41907050244,11845.5474433884,11915.99674848927,11684.52046030071,0,7450,11880.77209593884,11820.38697728095,11860.64372305287,32264,13043.18563010312,10673.06972278114,11715,5,-0.0029648454044903564,0.006848178448134243,0.011657492169572268,0.012675958793342932,0.015013455005111469,,
92,,2023-12-13,BR2403,11765.03395184456,11664.39208741475,11840.51535016691,11583.8785958709,0,9097,11845.5474433884,11684.52046030071,11820.38697728095,34364,12997.8967911097,10637.84507023071,11610,5,-0.015293118096855997,0.008456536937722667,0.011647038109615253,0.01239267562645647,0.015087352241471156,,
93,,2023-12-14,BR2403,11669.42418063624,11765.03395184456,11765.03395184456,11598.97487553537,0,7379,11664.39208741475,11669.42418063624,11684.52046030071,35623,12851.96608768648,10512.04273969345,11620,5,0.008628127696290082,0.010090555485695173,0.011925972930829112,0.012442816473974458,0.014481431767314649,,
94,,2023-12-15,BR2403,11780.13023150903,11714.71301962965,11810.32279083797,11684.52046030071,0,9034,11765.03395184456,11734.84139251561,11669.42418063624,37004,12831.83771480052,10501.97855325046,11640,5,-0.004277159965783271,0.00850080581638399,0.011716918326984885,0.012371971668904547,0.014410316076268774,,
95,,2023-12-18,BR2403,11734.84139251561,11840.51535016691,11966.31768070417,11614.07115519984,0,13166,11714.71301962965,11790.19441795201,11734.84139251561,37914,12907.31911312288,10557.33157868686,11605,5,0.010738831615120344,0.010591547407575671,0.011991107068582064,0.01213607444145089,0.013746472410753755,,
96,,2023-12-19,BR2403,11870.70790949585,11835.48325694542,11895.86837560331,11780.13023150903,0,7526,11840.51535016691,11835.48325694542,11790.19441795201,37333,12967.70423178076,10607.65251090176,11760,5,-0.0004249893752656579,0.010512401155865934,0.011835349019398797,0.011959005685014247,0.01336419815972177,,
97,,2023-12-20,BR2403,11820.38697728095,11895.86837560331,11966.31768070417,11654.32790097177,0,12590,11835.48325694542,11835.48325694542,11835.48325694542,38506,13018.02516399567,10647.90925667369,11780,5,0.0051020408163270055,0.0062475384718745485,0.011569777065718071,0.011676258746613264,0.013260100659889784,,
98,,2023-12-21,BR2403,11926.06093493225,12026.70279936206,12217.92234177869,11885.80418916032,0,20485,11895.86837560331,12071.99163835547,11835.48325694542,39109,13018.02516399567,10647.90925667369,12005,5,0.010998307952622622,0.006759829647116678,0.011279370142418556,0.011852298470935347,0.013364463992114026,,
99,,2023-12-22,BR2403,12021.67070614057,12087.08791801994,12202.82606211422,11996.51024003311,0,16280,12026.70279936206,12102.18419768441,12071.99163835547,38481,13274.66191829168,10864.28926519777,12045,5,0.0050209205020917596,0.004745342829738908,0.01105654124307808,0.011658628016161576,0.01339332621736444,,
100,,2023-12-25,BR2403,12177.66559600677,12690.93910459879,12952.60795211629,12147.47303667783,0,42711,12087.08791801994,12565.13677406153,12102.18419768441,35841,13309.88657084211,10889.44973130523,12625,5,0.04995836802664459,0.020431633183907703,0.015568464748601909,0.014237631174302604,0.014884811614125295,,
101,,2023-12-26,BR2403,12690.93910459879,12630.5539859409,13023.05725721715,12539.97630795408,0,38538,12690.93910459879,12776.48468936413,12565.13677406153,36511,13818.12798621264,11307.11346868893,12595,5,-0.004758128469469118,0.021277764548748437,0.015589912380255365,0.014206404084240214,0.014850835138332876,,
102,,2023-12-27,BR2403,12580.233053726,12761.38840969966,12811.70934191456,12469.52700285321,0,23294,12630.5539859409,12630.5539859409,12776.48468936413,35685,14049.6042744012,11498.33301110556,12480,5,0.010358565737052615,0.020900165334170065,0.014810140116420626,0.014224340226478484,0.01452465492625947,,
103,,2023-12-28,BR2403,12786.54887580711,12746.29213003518,12877.12655379393,12645.65026560538,0,15412,12761.38840969966,12751.32422325667,12630.5539859409,34329,13893.609384535,11367.49858734681,12660,5,-0.0011829652996852222,0.022061234239249557,0.0146467670004764,0.014211483022227625,0.01424877535395473,,
104,,2023-12-29,BR2403,12736.2279435922,12741.26003681369,12917.38329956586,12685.9070113773,0,19948,12746.29213003518,12811.70934191456,12751.32422325667,32168,14150.24613883101,11347.37021446085,12765,5,-0.00039478878799845764,0.022608309831570524,0.014391478153524375,0.014209196084678263,0.014019456348054352,,
105,,2024-01-02,BR2403,12882.15864701543,12841.9019012435,13012.99307077418,12741.26003681369,0,27025,12741.26003681369,12872.09446057244,12811.70934191456,27157,14220.69544393187,11397.69114667576,12800,5,0.007898894154818491,0.006431614559884917,0.014255784580692557,0.014262547324851051,0.013596292501418519,,
106,,2024-01-03,BR2403,12887.19074023691,12625.52189271941,12927.44748600884,12590.29724016898,0,24394,12841.9019012435,12781.51678258562,12872.09446057244,23564,14155.27823205249,11583.8785958709,12725,5,-0.016849529780564556,0.010667105557211823,0.013620175397558562,0.01334222919700796,0.013737881458839434,,
107,,2024-01-04,BR2403,12670.81073171283,12434.30235030278,12675.84282493432,12399.07769775235,0,21780,12625.52189271941,12514.81584184662,12781.51678258562,21904,14059.66846084418,11503.36510432705,12475,5,-0.0151454762853722,0.01055237438480591,0.01417573411231711,0.013225712284563772,0.013868049250468834,,
108,,2024-01-05,BR2403,12464.49490963172,12479.59118929619,12741.26003681369,12338.69257909446,0,32329,12434.30235030278,12550.04049439706,12514.81584184662,21968,13762.77496077625,11261.82462969551,12500,5,0.003642250101173367,0.011204611017807942,0.014121120291632152,0.01318373573728433,0.013831782796907215,,
109,,2024-01-08,BR2403,12479.59118929619,12197.79396889273,12504.75165540364,12092.12001124143,0,27376,12479.59118929619,12273.27536721509,12550.04049439706,21805,13803.03170654817,11292.01718902446,12225,5,-0.022580645161290092,0.013494836033220886,0.015126548607591592,0.013446941099847658,0.013943274580277255,,
110,,2024-01-09,BR2403,12202.82606211422,12102.18419768441,12318.5642062085,12026.70279936206,0,20886,12197.79396889273,12177.66559600677,12273.27536721509,20934,13496.07402003725,11045.44462117143,12135,5,-0.007838283828383119,0.010087865610897067,0.015199428895140995,0.01348203267025903,0.013666939921629132,,
111,,2024-01-10,BR2403,12117.28047734888,12157.53722312081,12197.79396889273,12001.54233325461,0,15904,12102.18419768441,12097.15210446292,12177.66559600677,20266,13395.43215560744,10959.89903640609,12020,5,0.004573804573805,0.011788930154544458,0.015188570689490428,0.013506300775800662,0.013514280133167078,,
112,,2024-01-11,BR2403,12233.01862144316,12293.40374010105,12333.66048587297,12127.34466379186,0,17860,12157.53722312081,12238.05071466465,12097.15210446292,20311,13304.85447762062,10884.41763808374,12255,5,0.011175496688741711,0.013286092523125893,0.014804992770181082,0.01354369642459749,0.013408735736107786,,
113,,2024-01-12,BR2403,12348.75676553744,12434.30235030278,12484.62328251768,12318.5642062085,0,24476,12293.40374010105,12399.07769775235,12238.05071466465,19260,13460.84936748682,11010.219968621,12300,5,0.011461318051575811,0.0145468106906493,0.014877752199160637,0.013672812965843894,0.013494086096307006,,
114,,2024-01-15,BR2403,12469.52700285321,12399.07769775235,12519.84793506812,12378.94932486638,0,18988,12434.30235030278,12449.39862996725,12399.07769775235,18370,13636.97263023898,11156.15067204422,12425,5,-0.002832861189801524,0.008542923678352065,0.01484468367177911,0.013526224176388709,0.013380985284817567,,
115,,2024-01-16,BR2403,12378.94932486638,12439.33444352427,12494.68746896066,12278.30746043658,0,18003,12399.07769775235,12389.01351130937,12449.39862996725,17697,13692.32565567538,11201.43951103763,12415,5,0.0032467532467531078,0.005981576077144729,0.014731785445164545,0.01351361333939103,0.013067364390526947,,
116,,2024-01-17,BR2403,12449.39862996725,12217.92234177869,12474.5590960747,12217.92234177869,0,14873,12439.33444352427,12358.82095198042,12389.01351130937,16891,13626.908443796,11146.08648560124,12340,5,-0.017799352750809252,0.01210497481790987,0.015414248647670862,0.013698122915766818,0.013231283557470398,,
117,,2024-01-18,BR2403,12217.92234177869,12248.11490110763,12348.75676553744,12092.12001124143,0,17504,12217.92234177869,12212.8902485572,12358.82095198042,17168,13591.68379124557,11120.92601949379,12210,5,0.0024711696869849564,0.010845129715325866,0.015394926198834983,0.013509233370319304,0.013204847559217725,,
118,,2024-01-19,BR2403,12217.92234177869,12253.14699432912,12298.43583332254,12107.2162909059,0,13278,12248.11490110763,12202.82606211422,12212.8902485572,16631,13430.65680815788,10990.09159573503,12080,5,0.00041084634346743296,0.008654319159134501,0.015234901837909046,0.01328454514751247,0.01299865489388782,,
119,,2024-01-22,BR2403,12248.11490110763,12036.76698580504,12273.27536721509,11961.28558748268,0,19757,12253.14699432912,12122.31257057037,12202.82606211422,16832,13420.5926217149,10980.02740929205,12100,5,-0.017659137577001476,0.010879251719615882,0.01575823204614103,0.013457223511550322,0.013049136543812177,,
120,,2024-01-23,BR2403,12031.73489258355,12061.92745191249,12102.18419768441,11931.09302815374,0,16563,12036.76698580504,12011.60651969759,12122.31257057037,16412,13330.01494372807,10909.57810419119,12000,5,0.0020903010033443735,0.010646896009084928,0.010521290320046277,0.01318114123389032,0.012883091419042031,,
121,,2024-01-24,BR2403,12071.99163835547,12233.01862144316,12238.05071466465,12071.99163835547,0,16142,12061.92745191249,12167.60140956379,12011.60651969759,15220,13209.2447064123,10808.93623976138,12095,5,0.014184397163120227,0.01143720407619901,0.011140340326790794,0.013397904978259979,0.01301867212325678,,
122,,2024-01-25,BR2403,12238.05071466465,12288.37164687956,12328.62839265148,12177.66559600677,0,14325,12233.01862144316,12253.14699432912,12167.60140956379,14576,13380.33587594297,10949.83484996311,12170,5,0.004524886877828476,0.011570789510208457,0.010885915108507805,0.012951316004811846,0.012914600443018523,,
123,,2024-01-26,BR2403,12293.40374010105,12258.17908755061,12353.78885875893,12212.8902485572,0,12264,12288.37164687956,12273.27536721509,12253.14699432912,15006,13475.94564715129,11025.31624828547,12195,5,-0.0024570024570029813,0.01166007787327799,0.010885656314413858,0.012890941764217363,0.012903782810831129,,
124,,2024-01-29,BR2403,12268.2432739936,12539.97630795408,12701.00329104177,12268.2432739936,0,47514,12258.17908755061,12489.65537573917,12273.27536721509,17315,13496.07402003725,11045.44462117143,12375,5,0.0229885057471271,0.010233493628776002,0.012228091430571445,0.013281988748337959,0.013217014457916884,,
125,,2024-01-30,BR2403,12534.94421473259,12499.71956218215,12605.39351983345,12439.33444352427,0,16347,12539.97630795408,12499.71956218215,12489.65537573917,15316,13737.61449466879,11236.66416358806,12455,5,-0.003210272873194809,0.011256622930503982,0.012067004968168357,0.0132364362815309,0.013161725726239233,0.018127768757906296,
126,,2024-01-31,BR2403,12580.233053726,12680.87491815581,12721.13166392773,12469.52700285321,0,32053,12499.71956218215,12605.39351983345,12499.71956218215,15770,13747.67868111177,11246.72835003104,12560,5,0.014492753623188885,0.011305152701325476,0.011973437727793293,0.012768532739083852,0.01328885922148571,0.016883924244794464,
127,,2024-02-01,BR2403,12721.13166392773,12665.77863849134,12731.19585037071,12600.36142661196,0,13536,12680.87491815581,12655.71445204836,12605.39351983345,15045,13863.41682520605,11342.33812123936,12600,5,-0.0011904761904761576,0.0119238354150302,0.011420632957317187,0.012726046493456326,0.013287682550097477,0.016790174687509003,
128,,2024-02-02,BR2403,12670.81073171283,12469.52700285321,12690.93910459879,12358.82095198042,0,22514,12665.77863849134,12494.68746896066,12655.71445204836,14198,13918.76985064245,11387.62696023278,12420,5,-0.015494636471990753,0.015235366398958733,0.01197449501325216,0.012994906915717773,0.01342222746346804,0.016854961219632366,
129,,2024-02-05,BR2403,12459.46281641023,12565.13677406153,12665.77863849134,12399.07769775235,0,14955,12469.52700285321,12580.233053726,12494.68746896066,13857,13742.64658789028,11241.69625680955,12505,5,0.007667473769168815,0.01139748881043305,0.01082359202229338,0.012983869929452,0.012682376267665921,0.016830420176496025,
130,,2024-02-06,BR2403,12580.233053726,12439.33444352427,12625.52189271941,12429.27025708129,0,11542,12565.13677406153,12545.00840117557,12580.233053726,13288,13838.2563590986,11322.2097483534,12440,5,-0.010012014417300678,0.01231315145972079,0.010933084870101781,0.013069972355884665,0.012522532583161721,0.016786854402501383,
131,,2024-02-07,BR2403,12449.39862996725,12872.09446057244,12872.09446057244,12429.27025708129,0,25154,12439.33444352427,12670.81073171283,12545.00840117557,14044,13797.99961332668,11286.98509580297,12520,5,0.03478964401294456,0.01975585640267317,0.013235419974985355,0.014083115798508407,0.013236053464610627,0.017055087135086668,
132,,2024-02-08,BR2403,12882.15864701543,12716.09957070624,12927.44748600884,12625.52189271941,0,17064,12872.09446057244,12736.2279435922,12670.81073171283,12061,14190.50288460293,11146.08648560124,12635,5,-0.012118842845973275,0.0209262461419808,0.013495176243028038,0.013990798390419413,0.013181801417610294,0.017095584483448882,
133,,2024-02-19,BR2403,12962.67213855927,12917.38329956586,13083.44237587504,12806.67724869307,0,13230,12716.09957070624,12952.60795211629,12736.2279435922,12844,14260.95218970379,11206.47160425912,12880,5,0.015829046299960757,0.0193993152823748,0.013694005825774328,0.014120632146514388,0.013317650646271068,0.017121160376607804,
134,,2024-02-20,BR2403,12907.31911312288,12967.70423178076,13043.18563010312,12877.12655379393,0,9296,12917.38329956586,12952.60795211629,12952.60795211629,12801,14245.85591003932,11654.32790097177,12870,5,0.0038955979742888516,0.019451370032290975,0.01365171337786587,0.014080090557747683,0.0133238001600321,0.017113487122820153,
135,,2024-02-21,BR2403,12962.67213855927,12992.86469788821,13118.66702842547,12887.19074023691,0,17225,12967.70423178076,12987.83260466672,12952.60795211629,12564,14245.85591003932,11654.32790097177,12905,5,0.0019402405898328989,0.017560993673437105,0.013650234039912236,0.01401890610331782,0.013279132859391071,0.01707329568208001,
136,,2024-02-22,BR2403,12977.76841822374,13158.9237741974,13204.21261319081,12962.67213855927,0,16125,12992.86469788821,13073.37818943206,12987.83260466672,11803,14286.11265581125,11684.52046030071,12980,5,0.01278079008520576,0.010954638112046297,0.012980477945184232,0.0141054362734929,0.013367352814312963,0.017088965063027345,
137,,2024-02-23,BR2403,13184.08424030485,13224.34098607677,13269.62982507019,13068.34609621057,0,18849,13158.9237741974,13163.95586741889,13073.37818943206,8675,14376.69033379807,11765.03395184456,13025,5,0.004971319311663112,0.006058499143291484,0.012979084776562747,0.014104892366701495,0.013262017704899369,0.017087389721901592,
138,,2024-02-26,BR2404,13224.34098607677,13259.43211075552,13404.80962728176,13184.23684358677,0,29776,13224.34098607677,13309.56228886802,13164.18477234177,21256,14477.5954388892,11845.7610879831,13270,5,0.0026535253980290267,0.004368095702130552,0.012956829649637602,0.014041277663119477,0.013254643964156435,0.017087727674291345,
139,,2024-02-27,BR2404,13319.58832449052,13540.1611081855,13725.64276720174,13249.40607513302,0,46291,13259.43211075552,13525.12205475176,13309.56228886802,24972,14638.01200884919,11976.09955107559,13405,5,0.021172022684309687,0.008190869849418836,0.012434015079957375,0.014343493371317913,0.013403244001402257,0.01717497190235472,
140,,2024-02-28,BR2404,13545.17412599675,13464.96584101676,13670.499571278,13409.82264509301,0,32365,13540.1611081855,13530.135072563,13525.12205475176,23937,14873.62384597793,12171.60724571433,13570,5,-0.005553498704183303,0.010181499119128435,0.01267484414228784,0.012203633693918432,0.013280450847530517,0.0171867248041304,
141,,2024-02-29,BR2404,13520.1090369405,13329.61436011302,13520.1090369405,13184.23684358677,0,32601,13464.96584101676,13309.56228886802,13530.135072563,21274,14878.63686378918,12176.62026352558,13280,5,-0.010052122114668372,0.012011395286411496,0.012965446492642323,0.012302149006496553,0.013243994749195425,0.017211864734979175,
142,,2024-03-01,BR2404,13329.61436011302,13239.38003951052,13399.79660947051,13154.15873671928,0,20670,13329.61436011302,13284.49719981177,13309.56228886802,20526,14638.01200884919,11976.09955107559,13185,5,-0.006769462203836383,0.01257564210288879,0.013202638859934317,0.012281159099666454,0.013231888023159158,0.017196810095756215,
143,,2024-03-04,BR2404,13234.36702169927,13174.21080796427,13354.67944916926,13119.06761204053,0,21088,13239.38003951052,13234.36702169927,13284.49719981177,19363,14612.94691979294,11956.04747983059,13260,5,-0.0049223778871643345,0.01267568810077703,0.01327559931793375,0.01231234018543268,0.013107735825603184,0.017205740585226944,
144,,2024-03-05,BR2404,13164.18477234177,13013.79423800428,13214.31495045427,13003.76820238178,0,17809,13174.21080796427,13094.00252298428,13234.36702169927,18053,14557.8037238692,11910.93031952934,13105,5,-0.012176560121765436,0.003105272877575843,0.012909149592022903,0.01248382869340258,0.013199079275030721,0.017236843685326044,
145,,2024-03-06,BR2404,13094.00252298428,13234.36702169927,13289.51021762302,13033.84630924928,0,16223,13013.79423800428,13154.15873671928,13094.00252298428,18311,14402.40017172046,11780.59185643685,13090,5,0.016949152542373048,0.011715774530827651,0.013268330652705926,0.012699562491695392,0.013026178887778074,0.017292287277711916,
146,,2024-03-07,BR2404,13244.39305732177,13154.15873671928,13309.56228886802,13068.93743392803,0,13548,13234.36702169927,13219.32796826552,13154.15873671928,17435,14467.5694032667,11835.7350523606,13240,5,-0.006060606060605632,0.011276451526777378,0.013121802138716667,0.012426042724965631,0.01300435091221159,0.017165976961539733,
147,,2024-03-08,BR2404,13159.17175453053,13439.90075196051,13505.06998350676,13083.97648736178,0,21184,13154.15873671928,13284.49719981177,13219.32796826552,18014,14537.7516526242,11895.89126609559,13120,5,0.021722560975609328,0.015167789170880287,0.013818182815820533,0.01255672131459929,0.013178390741277192,0.01726250685320486,
148,,2024-03-11,BR2404,13449.92678758301,13274.47116418927,13505.06998350676,13184.23684358677,0,20444,13439.90075196051,13329.61436011302,13284.49719981177,16567,14612.94691979294,11956.04747983059,13245,5,-0.012308839985080077,0.01645026677028009,0.01360982038687245,0.012755678563903408,0.013250776948196357,0.017276797969832437,
149,,2024-03-12,BR2404,13219.32796826552,13124.08062985178,13329.61436011302,13104.02855860678,0,14252,13274.47116418927,13199.27589702052,13329.61436011302,14864,14658.06408009419,11996.15162232059,13145,5,-0.011329305135951527,0.016275996583077924,0.013941928016436634,0.012325029328248005,0.01295106373342589,0.017310463485381452,
150,,2024-03-13,BR2404,13174.21080796427,13204.28891483177,13359.69246698051,13124.08062985178,0,13718,13124.08062985178,13254.41909294427,13199.27589702052,14067,14517.6995813792,11875.8391948506,13275,5,0.006111535523299795,0.014362422992292345,0.013657618690126752,0.012239324853435435,0.012930498181823747,0.017315012422005227,
151,,2024-03-14,BR2404,13244.39305732177,13334.62737792427,13505.06998350676,13109.04157641803,0,29229,13204.28891483177,13279.48418200052,13254.41909294427,12356,14577.8557951142,11925.96937296309,13105,5,0.009870918754746126,0.014551124427605281,0.011592780189883746,0.012293606253507058,0.01295584269835838,0.015149373092195913,
152,,2024-03-15,BR2404,13334.62737792427,13570.239215053,13575.25223286425,13289.51021762302,0,26365,13334.62737792427,13424.86169852676,13279.48418200052,11226,14602.92088417045,11951.03446201934,13385,5,0.017669172932330314,0.013292782887332396,0.011619824731656332,0.012454470082782734,0.013081279307730101,0.01501030017172177,
153,,2024-03-18,BR2405,13600.19559301118,14089.48309966136,14468.93055379823,13430.44278458152,0,97492,13570.239215053,14019.58488442562,13405.47913628304,21827,14743.5306850815,12062.43485782489,13580,5,0.038263428991906136,0.018064482294379545,0.013774124441554483,0.013613331869756131,0.013816116648083313,0.014689240645424071,
154,,2024-03-19,BR2405,14094.47582932105,13939.70120987049,14179.35223353588,13779.93386076022,0,44630,14089.48309966136,13974.65031748836,14019.58488442562,21026,15417.54918914042,12616.62785005112,13955,5,-0.010630758327427155,0.01783911126752085,0.014181389116570057,0.01375728764019502,0.013901230834768935,0.01466477754572179,
155,,2024-03-20,BR2405,13909.74483191231,13914.73756157201,14089.48309966136,13809.8902387184,0,33055,13939.70120987049,13944.69393953018,13974.65031748836,22966,15367.62189254347,12576.68601277355,14000,5,-0.001790830945558879,0.018841567645493742,0.014230421326100615,0.013778236079534944,0.013722576526553154,0.014652105342908301,
156,,2024-03-21,BR2405,13879.78845395414,13575.2319447127,13879.78845395414,13540.28283709483,0,39837,13914.73756157201,13700.05018620509,13944.69393953018,22213,15337.66551458529,12546.72963481538,13670,5,-0.024398995335486263,0.024570138891693502,0.015343122027158419,0.01406888383701278,0.014125013969307466,0.01442558471459614,
157,,2024-03-22,BR2405,13560.25375573361,13500.34099981726,13670.09380824692,13340.573650707,0,33048,13575.2319447127,13515.31918879635,13700.05018620509,20992,15068.05811296172,12327.04952978876,13620,5,-0.005516734093416995,0.023466657779044216,0.015403445885331943,0.01412925499409596,0.014135284381596567,0.014410902289215608,
158,,2024-03-25,BR2405,13560.25375573361,13480.37008117848,13660.10834892753,13400.48640662335,0,23878,13500.34099981726,13520.31191845605,13515.31918879635,21018,14863.3561969142,12162.28945101881,13540,5,-0.0014792899408281144,0.009489134400322138,0.015409865122402127,0.014139691518734192,0.014102135816651963,0.014084106594348311,
159,,2024-03-26,BR2405,13500.34099981726,13405.47913628304,13590.21013369179,13365.53729900548,0,18145,13480.37008117848,13490.35554049787,13520.31191845605,20142,14868.34892657389,12167.2821806785,13575,5,-0.005555555555555855,0.009510856880482685,0.014705660369838208,0.013823507032824136,0.014132074434899758,0.013872090222701722,
160,,2024-03-27,BR2405,13410.47186594274,13280.66089479065,13505.33372947696,13170.82084227734,0,22154,13405.47913628304,13300.63181342943,13490.35554049787,20238,14838.39254861572,12137.32580272033,13320,5,-0.009310986964618032,0.00890878613020643,0.014798700892579134,0.013955188698004219,0.014198810150760677,0.013847900103852045,
161,,2024-03-28,BR2405,13270.67543547126,13270.67543547126,13310.61727274882,13155.84265329826,0,12785,13280.66089479065,13250.70451683248,13300.63181342943,19405,14628.6979029085,11967.57299429067,13255,5,-0.0007518796992480423,0.0034808051073998143,0.014630754730663302,0.013833922967381975,0.014153773635606291,0.013843239043997538,
162,,2024-03-29,BR2405,13260.68997615187,13320.60273206822,13370.53002866517,13165.82811261765,0,15062,13270.67543547126,13275.66816513096,13250.70451683248,18069,14573.77787665185,11922.63842735341,13265,5,0.0037622272385255014,0.004972414397758064,0.014568255764536462,0.013831062923025071,0.014149842392618272,0.013847847340908388,
163,,2024-04-01,BR2405,13330.58819138761,13555.26102607392,13570.239215053,13320.60273206822,0,22878,13320.60273206822,13435.43551424122,13275.66816513096,17385,14598.74152495032,11947.60207565189,13450,5,0.017616191904047986,0.010439983919430896,0.014999746618514881,0.014023886124151331,0.012900091145939471,0.013919117478957924,
164,,2024-04-02,BR2405,13520.31191845605,13400.48640662335,13560.25375573361,13345.5663803667,0,14373,13555.26102607392,13435.43551424122,13435.43551424122,16439,14778.47979269937,12087.39850612337,13505,5,-0.0114180478821365,0.011641671794776678,0.014964176169368189,0.013795396891790422,0.012976166832308875,0.013928820913537341,
165,,2024-04-03,BR2405,13410.47186594274,13250.70451683248,13600.19559301118,13245.71178717278,0,20497,13400.48640662335,13410.47186594274,13435.43551424122,15534,14778.47979269937,12087.39850612337,13525,5,-0.011177347242920802,0.012037228962319202,0.014763154532831353,0.013925786092469722,0.013009866900820722,0.013744922900851648,
166,,2024-04-08,BR2405,13260.68997615187,13550.26829641422,13595.20286335148,13050.99533044465,0,17488,13250.70451683248,13420.45732526213,13410.47186594274,14395,14748.5234147412,12067.42758748459,13280,5,0.02260738507912555,0.015806433972228452,0.015500273965381695,0.014175972322391013,0.013297013119998648,0.01375853684942117,
167,,2024-04-09,BR2405,13510.32645913665,13744.98475314235,13774.94113110053,13510.32645913665,0,19146,13550.26829641422,13660.10834892753,13420.45732526213,14546,14758.50887406059,12077.41304680398,13695,5,0.01436993367722883,0.016419866781349074,0.015079314621504627,0.014305939000310736,0.013400706854836544,0.013688433260196883,
168,,2024-04-10,BR2405,13720.02110484387,13620.16651164996,13749.97748280205,13545.27556675452,0,13210,13744.98475314235,13660.10834892753,13660.10834892753,13032,15023.12354602446,12292.1004221709,13705,5,-0.009081002542680367,0.016199833464684402,0.014943443872520033,0.014138118510642946,0.013436394208799798,0.013470928203471188,
169,,2024-04-11,BR2405,13585.21740403209,13470.38462185909,13610.18105233057,13375.52275832487,0,13265,13620.16651164996,13475.37735151878,13660.10834892753,12602,15023.12354602446,12292.1004221709,13500,5,-0.010997067448680278,0.016119662012880297,0.01492873594196545,0.014264061394675757,0.01333065164381416,0.013495220025333293,
170,,2024-04-12,BR2405,13455.40643288,13215.75540921461,13470.38462185909,13105.9153567013,0,21551,13470.38462185909,13240.71905751308,13475.37735151878,12675,14818.42162997694,12127.34034340094,13250,5,-0.018902891030392742,0.017871103257047247,0.01554891212903869,0.014520435556983442,0.013412730119043337,0.013605213291143343,
171,,2024-04-15,BR2405,13180.80630159674,13195.78449057582,13300.63181342943,13070.96624908343,0,14074,13215.75540921461,13190.79176091613,13240.71905751308,12133,14563.79241733245,11912.65296803402,13260,5,-0.0015111446921047998,0.012579987745861216,0.015382078737983708,0.013491954981024668,0.01341241735632911,0.013580250992080843,
172,,2024-04-16,BR2405,13230.73359819369,13046.00260078495,13265.68270581156,13011.05349316708,0,18145,13195.78449057582,13115.90081602069,13190.79176091613,12111,14508.8723910758,11867.71840109676,13060,5,-0.011350737797956657,0.006211000545770135,0.014949379223005797,0.01347376336981977,0.0131666944243819,0.0135231838291913,
173,,2024-04-17,BR2405,13050.99533044465,13200.77722023552,13225.740868534,13006.06076350738,0,12240,13046.00260078495,13110.908086361,13115.90081602069,11700,14423.99598686097,11802.81291552071,13100,5,0.011863758132415081,0.011823578572535211,0.012117097244326167,0.013374031347836157,0.01318367278631174,0.013416933257272985,
174,,2024-04-18,BR2405,13230.73359819369,13205.76994989522,13255.69724649217,13011.05349316708,0,13573,13200.77722023552,13135.87173465947,13110.908086361,11496,14419.00325720128,11797.82018586102,13225,5,0.0003782148260214852,0.01175910233890693,0.012010528899801995,0.01336356432707905,0.013178312198930092,0.013342252319547472,
175,,2024-04-19,BR2405,13210.76267955491,13150.84992363856,13355.55183968609,13060.98078976404,0,18181,13205.76994989522,13190.79176091613,13135.87173465947,11104,14448.95963515945,11817.7911044998,13115,5,-0.004158790170132924,0.008437164094480809,0.012013468996380179,0.013381976388486358,0.013136365524293073,0.01326247160025719,
176,,2024-04-22,BR2405,13165.82811261765,12911.19889997317,13230.73359819369,12891.22798133438,0,16644,13150.84992363856,13095.92989738191,13190.79176091613,11628,14508.8723910758,11867.71840109676,13130,5,-0.018223234624145417,0.011475430929447061,0.011495967665775054,0.013542750726089129,0.01329218367071248,0.013358277503835597,
177,,2024-04-23,BR2405,12881.24252201499,12816.33703643895,12941.15527793134,12781.38792882108,0,15452,12911.19889997317,12851.28614405682,13095.92989738191,10816,14404.02506822219,11782.84199688193,12895,5,-0.007347254447022438,0.010989706445443222,0.011528976581812577,0.013557851510429146,0.013323579761326317,0.013311117302935641,
178,,2024-04-24,BR2405,12801.35884745986,12776.39519916138,12886.23525167469,12731.46063222412,0,11880,12816.33703643895,12796.36611780016,12851.28614405682,9251,14134.41766659862,11563.16189185532,12835,5,-0.003116478379431628,0.007113212717787027,0.011526910416511472,0.013552014506665348,0.013327405255520931,0.013148795073090795,
179,,2024-04-25,BR2405,12816.33703643895,12921.18435929256,12921.18435929256,12696.51152460625,0,11016,12776.39519916138,12811.34430677925,12796.36611780016,6871,14074.50491068227,11513.23459525836,12850,5,0.011332551778038616,0.0105940965391168,0.011912307847225103,0.013227671188167466,0.013186485280541442,0.013176309040986949,
180,,2024-04-26,BR2406,12921.18435929256,13161.39227921744,13181.40960587785,12685.98077103278,0,34760,12921.18435929256,12926.18869095766,12816.09339432542,12365,14097.20230059145,11529.98015639429,12740,5,0.018590240123934863,0.014743635667788746,0.012596895551934682,0.013565060933075026,0.01337109613965398,0.013265145715692343,
181,,2024-04-29,BR2406,12991.24500260398,13126.36195756173,13186.41393754295,12961.21901261337,0,26268,13161.39227921744,13071.31430924561,12926.18869095766,11586,14217.30626055389,11630.06678969632,13020,5,-0.002661596958174728,0.011049564411293317,0.012607130342276023,0.013481425074254648,0.013379730893140523,0.013176242396411558,
182,,2024-04-30,BR2406,13161.39227921744,12986.24067093888,13356.56121415641,12951.21034928317,0,28965,13126.36195756173,13146.37928422213,13071.31430924561,11166,14377.44487383715,11760.17941298897,13080,5,-0.010674799847503117,0.011921450352590455,0.0127643078763662,0.013543506763699293,0.013249408792833279,0.013141706266047989,
183,,2024-05-06,BR2406,12926.18869095766,12931.19302262276,13031.27965592479,12881.14970597174,0,11682,12986.24067093888,12946.20601761807,13146.37928422213,11658,14457.51418047878,11830.24005630039,12915,5,-0.004238921001926901,0.012067887509604339,0.011980748953914343,0.013538076873993261,0.013267239340097417,0.013074073501291642,
184,,2024-05-07,BR2406,12971.22767594358,13106.34463090132,13221.44425919866,12946.20601761807,0,24180,12931.19302262276,13101.34029923622,12946.20601761807,10857,14237.3235872143,11650.08411635673,13090,5,0.013544891640866958,0.012506672042827204,0.012275965102942665,0.013574040512343148,0.013257378788800052,0.013123257886840186,
185,,2024-05-08,BR2407,13170.71277604742,13165.76138026695,13259.83790009586,13106.34463090132,0,12436,13106.34463090132,13185.56696338882,13131.10160980367,17682,14443.22149162794,11814.03033219892,13320,5,0.00453343407631297,0.00925971668179269,0.012094303091764015,0.01332240253008364,0.013257413603434784,0.013077561031293285,
186,,2024-05-09,BR2407,13160.80998448648,13051.87927731616,13165.76138026695,12977.60834060913,0,19575,13165.76138026695,13061.7820688771,13185.56696338882,20696,14502.63824099356,11863.54429000361,13145,5,-0.00864986837156849,0.010059057073554777,0.010950323524408145,0.013358627488198393,0.01330768859748149,0.01309192867865403,
187,,2024-05-10,BR2407,13091.49044355991,13145.95579714507,13264.78929587633,13091.49044355991,0,28409,13051.87927731616,13175.66417182788,13061.7820688771,24191,14363.99915914043,11754.6135828333,13360,5,0.007207890743550828,0.008916546942166625,0.01050107089845918,0.012941017451152542,0.013034427812906344,0.01308788754284626,
188,,2024-05-13,BR2407,13141.0044013646,13249.93510853492,13259.83790009586,12888.48321656069,0,53136,13145.95579714507,13071.68486043804,13175.66417182788,27564,14492.73544943263,11853.64149844267,13045,5,0.007909604519774193,0.008259102730725837,0.010599618801929554,0.012861419769625154,0.01305407580389739,0.013080212312194578,
189,,2024-05-14,BR2407,13289.54627477867,13076.63625621851,13452.94233553415,13071.68486043804,0,50351,13249.93510853492,13284.5948789982,13071.68486043804,31520,14378.85334648184,11764.51637439423,13460,5,-0.013079222720478166,0.009747949729532522,0.010709288490039553,0.012903968565896038,0.013056914570916931,0.013127803913035651,
190,,2024-05-15,BR2407,13081.58765199897,13195.46975494976,13210.32394229117,13002.36531951147,0,31326,13076.63625621851,13111.29602668179,13284.5948789982,33045,14611.56894816388,11952.66941405205,13255,5,0.009087466868610004,0.010509018615627065,0.01011799532015144,0.01294866779137608,0.013098689933401587,0.013150567478486986,
191,,2024-05-16,BR2407,13190.51835916929,13348.9630241443,13403.42837772946,13071.68486043804,0,40458,13195.46975494976,13230.12952541304,13111.29602668179,36687,14418.46451272559,11799.17614485752,13320,5,0.011632270168855692,0.009998599438920007,0.010438372336569262,0.01298581224113246,0.013002104288041034,0.013186933362547799,
192,,2024-05-17,BR2407,13348.9630241443,13383.62279460758,13403.42837772946,13284.5948789982,0,29373,13348.9630241443,13339.06023258336,13230.12952541304,37715,14552.15219879825,11903.15545624736,13485,5,0.0025964391691392984,0.009904565321950965,0.010054755477551624,0.012678225151639553,0.012976872186050249,0.01278673135689258,
193,,2024-05-20,BR2407,13388.57419038805,13601.48420894822,13606.43560472868,13304.40046212008,0,47436,13383.62279460758,13452.94233553415,13339.06023258336,39002,14670.98569752951,12002.18337185674,13555,5,0.016278209396966878,0.011402506909977635,0.010342581845497646,0.011374479253026556,0.013036855641892225,0.012761519032249672,
194,,2024-05-21,BR2407,13606.43560472868,13532.16466802165,13799.54004016697,13462.84512709508,0,48352,13601.48420894822,13641.09537519197,13452.94233553415,37791,14794.77059204123,12106.16268324659,13825,5,-0.00509646887513685,0.008330157624179567,0.01044706599532158,0.011285365723620867,0.012344321686466965,0.01274860924729227,
195,,2024-05-22,BR2407,13547.01885536306,13537.11606380212,13636.1439794115,13373.72000304664,0,34049,13532.16466802165,13527.21327224118,13641.09537519197,37785,15002.72921482093,12274.51013978254,13660,5,0.00036589828027803984,0.008663936153253069,0.010371962561079263,0.011285071880603285,0.01223216509710809,0.012668373720961915,
196,,2024-05-23,BR2407,13527.21327224118,13438.08814819274,13735.17189502088,13378.67139882711,0,50713,13537.11606380212,13551.97025114353,13527.21327224118,38139,14878.94432030921,12170.53082839269,13815,5,-0.00731528895391363,0.00924684344341206,0.009533151222238719,0.010668718203112878,0.0121287714569677,0.012686049217683447,
197,,2024-05-24,BR2407,13438.08814819274,13626.24118785056,13824.29701906932,13433.13675241227,0,58589,13438.08814819274,13626.24118785056,13551.97025114353,35681,14903.70129921155,12195.28780729503,13705,5,0.014001473839351495,0.010887472555853393,0.009620961288614055,0.010863807305534514,0.012238059527298804,0.012741366381179653,
198,,2024-05-27,BR2407,13685.65793721619,13616.33839628962,13799.54004016697,13532.16466802165,0,42665,13626.24118785056,13660.90095831384,13626.24118785056,24008,14987.87502747952,12259.65595244113,13805,5,-0.0007267441860466935,0.008304949299442392,0.009554138404960654,0.010861316945931959,0.012238874971747136,0.012718865321778282,
199,,2024-05-28,BR2407,13626.24118785056,13745.07468658181,14121.38076589745,13626.24118785056,0,65434,13616.33839628962,13888.66516421541,13660.90095831384,22921,15022.5347979428,12294.31572290441,13930,5,0.009454545454545151,0.008511818842312537,0.009479268134440411,0.010912702416716158,0.01219352481659823,0.012742635656749891,
200,,2024-05-29,BR2407,13824.29701906932,14255.06845197012,14255.06845197012,13750.02608236228,0,43735,13745.07468658181,13943.13051780057,13888.66516421541,23473,15275.05598274672,12497.32294990364,13925,5,0.03710374639769523,0.017062655561846538,0.011709280356136872,0.012212935195302097,0.013016567142055204,0.013087595075879813,
201,,2024-05-30,BR2407,14255.06845197012,14363.99915914043,14482.83265787169,14091.67239121464,0,79068,14255.06845197012,14264.97124353106,13943.13051780057,21493,15334.47273211235,12546.83690770833,14475,5,0.0076415422021530125,0.014234427201339895,0.011624163481911321,0.012239268806815013,0.013040237107468997,0.013096147587500459,
202,,2024-05-31,BR2407,14368.9505549209,14200.60309838496,14695.74267643185,14032.25564184901,0,103548,14363.99915914043,14344.19357601856,14264.97124353106,19107,15690.97322830611,12834.01786297553,14275,5,-0.011375387797310958,0.018027436689964094,0.01167350040440691,0.01241781522349612,0.012886246144181846,0.013099431973875197,
203,,2024-06-03,BR2407,14240.21426462871,14081.7695996537,14344.19357601856,13928.27633045917,0,50053,14200.60309838496,14141.18634901933,14344.19357601856,17277,15775.14695657409,12908.28879968256,14235,5,-0.008368200836820385,0.019277248616024895,0.011871842959783996,0.012240920476109881,0.01291361163741204,0.01305352401194297,
204,,2024-06-04,BR2407,14106.52657855605,14116.42937011699,14121.38076589745,13854.00539375213,0,38862,14081.7695996537,13982.74168404432,14141.18634901933,16359,15552.33414645298,12725.08715580521,14055,5,0.0024613220815757337,0.019298458404439823,0.011676494561476146,0.012074727540881807,0.012840142060375115,0.01299217424716934,
205,,2024-06-05,BR2407,14081.7695996537,14175.84611948261,14324.38799289668,14002.5472671662,0,67179,14116.42937011699,14165.94332792168,13982.74168404432,17037,15379.03529413657,12581.49667817161,14300,5,0.0042090494563306186,0.008302002549023482,0.011675622763826103,0.011908610480603866,0.012807573508671606,0.012969496235018118,
206,,2024-06-06,BR2407,14235.26286884824,14789.81919626076,14814.57617516311,14116.42937011699,0,81254,14175.84611948261,14413.51311694512,14165.94332792168,22375,15582.0425211358,12744.89273892709,14315,5,0.043311212015368444,0.021887178069556094,0.01426194885053311,0.013216217329658927,0.013837983370897837,0.013438539202298821,
207,,2024-06-07,BR2407,14903.70129921155,15636.50787472096,15854.36928906159,14784.8678004803,0,429243,14789.81919626076,15438.4520435022,14413.51311694512,33887,15854.36928906159,12967.70554904819,15650,5,0.05724807499163109,0.028689225335544303,0.0182494983140403,0.015723458557995302,0.015375299780017858,0.014326150790278203,
208,,2024-06-11,BR2407,15695.92462408658,15190.88225447875,16200.96699369442,15116.61131777171,0,321869,15636.50787472096,15562.23693801392,15438.4520435022,31358,16978.33613122804,13893.61655999588,15850,5,-0.028499050031665873,0.03445820471795174,0.02007468096185295,0.016402114297465624,0.01577289978582447,0.01441852275914865,
209,,2024-06-12,BR2407,15245.34760806391,16394.07142913271,16468.34236583974,15166.12527557641,0,589991,15190.88225447875,15849.41789328112,15562.23693801392,57112,17116.97521308117,14002.5472671662,15365,5,0.07920469361147346,0.04307570928759453,0.02516555649818043,0.020207237265037623,0.018470401480945097,0.01595724750940607,
210,,2024-06-13,BR2407,16483.19655318115,15676.11904096471,16552.51609410771,15240.39621228344,0,864358,16394.07142913271,15824.66091437878,15849.41789328112,42636,17433.86454303118,14260.01984775059,16000,5,-0.04379341588643922,0.05442109081019679,0.028061513016775723,0.021318540087632242,0.019264614858157433,0.016444959171178226,
211,,2024-06-14,BR2407,15676.11904096471,15314.66714899047,15963.29999623191,15210.68783760062,0,786403,15676.11904096471,15547.38275067251,15824.66091437878,40205,17404.15616834837,14240.21426462871,15605,5,-0.023057485786481795,0.055844749187904906,0.028949379318296727,0.021742168106371997,0.019445754188131298,0.016577826880595274,
212,,2024-06-17,BR2407,15250.29900384438,15072.04875574749,15388.93808569751,15002.72921482093,0,459605,15314.66714899047,15185.93085869828,15547.38275067251,37249,17102.12102573977,13992.64447560526,15390,5,-0.01584222437762695,0.048942380752419246,0.029396605990394672,0.02183464579812248,0.01950557030692111,0.016492062680976083,
213,,2024-06-18,BR2408,15107.18173653012,14986.72580241826,15453.49254710174,14911.44084359834,0,63208,15072.0487557475,15197.52368711402,15227.63767064199,47267,16748.39383880432,13701.862505225,15355,5,-0.005661005661005765,0.047405630020861976,0.029416364709461303,0.0218454036451842,0.01952565529998277,0.016494765577401187,
214,,2024-06-19,BR2408,14996.76379692758,15132.27672280343,15217.59967613267,14801.02290399579,0,45782,14986.72580241826,15056.99176398351,15197.52368711402,46484,16713.2608580217,13676.76751895169,15080,5,0.00971198928332195,0.019937022137347615,0.029328115504438913,0.021862085219714236,0.019524657976975952,0.016503012116669165,
215,,2024-06-20,BR2408,15162.3907063314,15107.18173653012,15373.18859102716,15026.87778045554,0,63678,15132.27672280343,15197.52368711402,15056.99176398351,49167,16562.69094038186,13551.29258758516,15130,5,-0.0016583747927034578,0.01270029490151537,0.02935207934017112,0.021842784846537105,0.019429183418816522,0.01649621897818074,
216,,2024-06-21,BR2408,15257.75165416996,15092.12474476614,15378.20758828183,15001.78279418224,0,55016,15107.18173653012,15192.50468985936,15197.52368711402,48333,16713.2608580217,13676.76751895169,15285,5,-0.0009966777408634663,0.009210731372683299,0.029236097765845685,0.02156751991053186,0.01886504213741581,0.016486284047180756,
217,,2024-06-24,BR2408,15137.29572005809,14971.66881065427,15388.24558279115,14966.64981339961,0,85855,15092.12474476614,15192.50468985936,15192.50468985936,51580,16708.24186076704,13671.74852169703,15180,5,-0.007981376787496042,0.006803345699346363,0.029341130063188326,0.02157640500957999,0.018841037327260942,0.016504498442001293,
218,,2024-06-25,BR2408,15062.01076123817,15348.09360475386,15493.64452513903,14966.64981339961,0,126177,14971.66881065427,15222.61867338733,15192.50468985936,49650,16708.24186076704,13671.74852169703,15350,5,0.025142474019443674,0.01300586454802378,0.029638547266957034,0.02179505770079896,0.019073769746017696,0.016558713575315714,
219,,2024-06-26,BR2408,15348.09360475386,15157.37170907673,15348.09360475386,14891.36485457969,0,114683,15348.09360475386,15092.12474476614,15222.61867338733,39009,16743.37484154967,13696.84350797033,14930,5,-0.012426422498365324,0.01460428840378322,0.029922839582538538,0.021936377102918906,0.01886773415848646,0.016600671916630852,
220,,2024-06-27,BR2408,15187.4856926047,14861.25087105173,15217.59967613267,14770.90892046783,0,158453,15157.37170907673,14941.55482712631,15092.12474476614,42088,16597.82392116449,13581.40657111313,15005,5,-0.019536423841058952,0.01719745269066337,0.029432559429327616,0.022123859018727383,0.019038802118353303,0.0167032579723548,
221,,2024-06-28,BR2408,14936.53582987164,14891.36485457969,14976.68780790893,14695.62396164791,0,118976,14861.25087105173,14846.19387928774,14941.55482712631,33363,16432.19701176067,13445.89364523728,14735,5,0.002026342451873835,0.01734501418662449,0.02940757038155059,0.022104011247415487,0.01903448040919325,0.016684925503907804,
222,,2024-07-01,BR2408,15006.8017914369,15056.99176398351,15137.29572005809,14760.8709259585,0,116896,14891.36485457969,14921.47883810766,14846.19387928774,36626,16326.79806941279,13360.57069190804,14790,5,0.011122345803842347,0.01794460194473393,0.029290774948319175,0.022016831636842663,0.01904711961985576,0.016703439337035532,
223,,2024-07-02,BR2408,15102.16273927546,15232.65666789665,15297.90363220725,14986.72580241826,0,97861,15056.99176398351,15117.21973103945,14921.47883810766,36988,16412.12102274203,13425.81765621863,15000,5,0.011666666666666653,0.014051639200798483,0.029212100058926865,0.0220090084589607,0.019029174092587534,0.016723265240242806,
224,,2024-07-03,BR2408,15272.80864593394,15242.69466240597,15287.86563769793,15031.89677771021,0,73926,15232.65666789665,15152.35271182207,15117.21973103945,34334,16627.93790469246,13601.48256013177,15065,5,0.0006589785831958338,0.012639008130164274,0.029220955302148275,0.021965007261772647,0.019026289838053226,0.016704614085160333,
225,,2024-07-04,BR2408,15227.63767064199,15041.93477221953,15302.92262946191,14916.459840853,0,78794,15242.69466240597,15202.54268436869,15152.35271182207,32108,16663.07088547508,13636.6155409144,15180,5,-0.013170892327954677,0.010094001629050069,0.029479289112866017,0.022131988907235528,0.019125743018841214,0.016756993707373987,
226,,2024-07-05,BR2408,15041.93477221953,14775.92791772249,15077.06775300216,14770.90892046783,0,78219,15041.93477221953,14906.42184634368,15202.54268436869,29896,16718.27985527636,13681.78651620635,14840,5,-0.01768435101768421,0.013559933060237082,0.028260002484046323,0.022305315897486914,0.019181082279510576,0.016280976253444882,
227,,2024-07-08,BR2408,14806.04190125045,14976.68780790893,15001.78279418224,14730.75694243053,0,73503,14775.92791772249,14856.23187379707,14906.42184634368,29484,16397.06403097804,13415.77966170931,14760,5,0.013586956521738563,0.01416398148379542,0.025146038004068293,0.022356393310122933,0.019167171087627943,0.016308032744341363,
228,,2024-07-09,BR2409,14976.68780790893,15097.75231022952,15143.15149859973,14830.40153427156,0,44788,14976.68780790893,14976.68780790893,14865.71201411506,37495,16348.75216754222,13377.62750642455,14885,5,0.008083529808016604,0.013435531162819769,0.024426490398903156,0.022357289068115436,0.01910801746635911,0.01629938467999635,
229,,2024-07-10,BR2409,15062.44183038601,14674.02655210747,15092.70795596616,14583.22817536703,0,57012,15097.75231022952,14800.13540869141,14976.68780790893,38397,16469.8166698628,13478.5145916917,14655,5,-0.0280654861343137,0.017651578586046768,0.01665259949860066,0.0227642463856747,0.019302791407858035,0.016508919363471715,
230,,2024-07-11,BR2409,14729.51444900441,14754.73622032119,14885.88943116849,14719.42574047769,0,39888,14674.02655210747,14800.13540869141,14800.13540869141,40450,16278.13120785521,13317.09525526426,14720,5,0.005500171880371063,0.018107811416868805,0.014126350730121454,0.02274724853180082,0.01923924692200253,0.01651256833808325,
231,,2024-07-12,BR2409,14754.73622032119,14663.93784358076,14875.80072264178,14658.8934893174,0,44911,14754.73622032119,14764.82492884791,14800.13540869141,41462,16278.13120785521,13317.09525526426,14725,5,-0.006153846153845686,0.016551475051964554,0.013342612967060912,0.02274889804240903,0.019217282453504507,0.016515089100869837,
232,,2024-07-15,BR2409,14674.02655210747,14628.62736373725,14845.53459706163,14527.7402784701,0,69613,14663.93784358076,14643.76042652733,14764.82492884791,44795,16237.77637374835,13286.82912968411,14650,5,-0.0024079807361544574,0.01432422289215648,0.012945777987845675,0.022762670466382955,0.019158642790111084,0.01643884963430213,
233,,2024-07-16,BR2409,14623.58300947389,14663.93784358076,14689.15961489754,14502.51850715331,0,54296,14628.62736373725,14613.49430094718,14643.76042652733,45809,16106.62316290105,13175.85333589024,14505,5,0.002413793103448624,0.013252610331432987,0.01293220265146045,0.022652373424618545,0.018980122164134968,0.01637260001274236,
234,,2024-07-17,BR2409,14679.07090637083,14729.51444900441,14855.62330558835,14628.62736373725,0,61638,14663.93784358076,14749.69186605784,14613.49430094718,46275,16071.31268305755,13150.63156457345,14695,5,0.004471964224286229,0.004919862647630531,0.01275545268233561,0.02262463704865734,0.018978123311481312,0.01637365925006087,
235,,2024-07-18,BR2409,14729.51444900441,14815.26847148149,14830.40153427156,14628.62736373725,0,54949,14729.51444900441,14729.51444900441,14749.69186605784,47147,16222.64331095828,13271.69606689404,14550,5,0.0058219178082191516,0.0049987541025341455,0.012852775767378118,0.02262871190083444,0.01890762134106434,0.016235138546590415,
236,,2024-07-19,BR2409,14734.55880326776,14800.13540869141,14850.57895132499,14588.27252963039,0,88057,14815.26847148149,14724.47009474105,14729.51444900441,47773,16202.46589390485,13256.56300410397,14480,5,-0.0010214504596530994,0.0035122698600710796,0.012852787131954937,0.022580521134932273,0.018870985590870904,0.016214534712094764,
237,,2024-07-22,BR2409,14865.71201411506,14850.57895132499,15087.6636017028,14800.13540869141,0,153760,14800.13540869141,14936.33297380207,14724.47009474105,53003,16192.37718537813,13251.51864984061,14855,5,0.0034083162917519978,0.0025889445587977265,0.012774490639092523,0.02250609689414173,0.01887067519946657,0.016213230155822968,
238,,2024-07-23,BR2409,14850.57895132499,14714.38138621433,14951.46603659214,14699.24832342426,0,84295,14850.57895132499,14820.31282574484,14936.33297380207,52420,16429.46183575594,13438.15975758484,14660,5,-0.009171195652174011,0.006086883650917014,0.011404381946345299,0.022575633572462506,0.018907749898996063,0.016219603770531915,
239,,2024-07-24,BR2409,14689.15961489754,15017.04264201579,15077.57489317608,14689.15961489754,0,112205,14714.38138621433,14931.28861953871,14820.31282574484,58061,16298.30862490864,13337.27267231769,14820,5,0.02056907781967763,0.010918656409722489,0.012183358757194845,0.022735244149331004,0.01887156117303613,0.016284264737127158,
240,,2024-07-25,BR2409,15027.13135054251,14764.82492884791,15037.22005906922,14729.51444900441,0,103416,15017.04264201579,14850.57895132499,14931.28861953871,48970,16424.41748149258,13438.15975758484,14805,5,-0.016795431642592975,0.014143297475217162,0.011970247607894998,0.02222089948862109,0.018988848725410783,0.016362189275117216,
241,,2024-07-26,BR2409,14774.91363737462,14785.00234590134,15062.44183038601,14769.86928311127,0,126259,14764.82492884791,14911.11120248528,14850.57895132499,40289,16333.61910475215,13362.49444363448,14905,5,0.0013665869490945867,0.014165900591480915,0.011964531592300416,0.022195776793379782,0.018976149318516322,0.01636145726293401,
242,,2024-07-29,BR2409,14759.78057458455,14613.49430094718,14825.3571800082,14552.96204978689,0,91799,14785.00234590134,14694.2039691609,14911.11120248528,37271,16399.19571017579,13417.98234053141,14630,5,-0.011600136472193618,0.01480581634855152,0.011902479953149817,0.02219900716861843,0.019023773246240945,0.016312196091135038,
243,,2024-07-30,BR2409,14568.09511257696,14310.83304514572,14628.62736373725,14265.4338567755,0,110340,14613.49430094718,14381.45400483273,14694.2039691609,34204,16162.11105979798,13221.25252426046,14250,5,-0.02071108042802899,0.01675485446909596,0.012225475842211552,0.022416605427060577,0.019119465066505602,0.016432043937778973,
244,,2024-07-31,BR2409,14320.92175367243,14467.20802730981,14512.60721568003,14194.81289708849,0,85624,14310.83304514572,14351.18787925258,14381.45400483273,25973,15819.09496988966,12938.76868551243,14230,5,0.010927035600987133,0.013189261096600059,0.012599102258200412,0.022474095603150522,0.019148309798416894,0.01645383523077788,
245,,2024-08-01,BR2409,14487.38544436324,14371.36529630601,14547.91769552353,14366.32094204265,0,54988,14467.20802730981,14452.07496451973,14351.18787925258,23492,15783.78449004616,12913.54691419564,14360,5,-0.006624825662482891,0.012110989759480419,0.01239148245273678,0.022497912674960957,0.01911278365768227,0.01638050758084161,
246,,2024-08-02,BR2410,14366.31384980467,14416.82831481805,14548.16592385283,14325.90227779397,0,18727,14371.36529630601,14447.13699382608,14426.93120782073,32498,15866.593460702,12982.21750843812,14315,5,0.003163444639718828,0.012382926040748879,0.011887361686613286,0.0214122394177621,0.019097890796002392,0.016381075405821757,
247,,2024-08-05,BR2410,14386.51963581003,14144.05020374581,14462.29133333009,14103.63863173511,0,28105,14416.82831481805,14270.33636627926,14447.13699382608,33588,15891.85069320869,13002.42329444347,14060,5,-0.018920812894183615,0.013723232437713256,0.0119865898273888,0.019449237511954598,0.01921636910691276,0.016442148219061106,
248,,2024-08-06,BR2410,14093.53573873243,13967.24957619899,14144.05020374581,13876.32353917491,0,32357,14144.05020374581,14007.66114820969,14270.33636627926,35821,15694.84427965651,12840.77700640066,13900,5,-0.01249999999999979,0.01196633864910496,0.011887333049763233,0.01905769793631262,0.01929109540902513,0.01648520727869982,
249,,2024-08-07,BR2410,13901.5807716816,14149.10165024715,14179.41032925518,13901.5807716816,0,28545,13967.24957619899,14073.32995272708,14007.66114820969,38661,15406.91182908026,12603.35902083778,13935,5,0.01301989150090412,0.012669534116659198,0.010992617465410385,0.014048146565703676,0.01930729597197727,0.016515748864407834,
250,,2024-08-08,BR2410,14204.66756176186,14169.3074362525,14336.00517079665,14073.32995272708,0,31232,14149.10165024715,14214.77045476454,14073.32995272708,39989,15477.63208009899,12663.97637885384,14145,5,0.00142806140664041,0.012822553238307943,0.010888239735583088,0.012458465926064106,0.019293281768484414,0.016400244526831146,
251,,2024-08-09,BR2410,14169.3074362525,14214.77045476454,14341.05661729799,14108.69007823645,0,27148,14169.3074362525,14224.87334776722,14214.77045476454,41221,15634.22692164046,12790.26254138728,14080,5,0.0032085561497326434,0.01282777957399685,0.010899960541631153,0.012029121373107144,0.019276667468271592,0.01639671262368852,0.017253972626551917
252,,2024-08-12,BR2410,14214.77045476454,14245.07913377257,14275.38781278059,14043.02127371906,0,31156,14214.77045476454,14169.3074362525,14224.87334776722,43991,15644.32981464314,12800.36543438996,13945,5,0.0021321961620470514,0.009110748903918922,0.010927249023164883,0.011824746933680552,0.019188769989532093,0.016353179029216167,0.01658869603905563
253,,2024-08-13,BR2410,14245.07913377257,14421.87976131939,14457.23988682875,14204.66756176186,0,54988,14245.07913377257,14361.26240330334,14169.3074362525,48161,15583.71245662708,12749.85096937658,14275,5,0.012411347517730285,0.005767817938092738,0.011326067103758697,0.011999440282246275,0.019214415968451706,0.016383108476986392,0.016554898480134944
254,,2024-08-14,BR2410,14421.87976131939,14280.43925928193,14437.0341008234,14260.23347327658,0,53948,14421.87976131939,14346.10806379932,14361.26240330334,48274,15795.87320968327,12921.60015042207,14160,5,-0.00980735551663759,0.007898359393649667,0.011427789692855543,0.011954060108341937,0.019223550367645222,0.016344638976471246,0.016568676938116568
255,,2024-08-15,BR2410,14300.64504528728,14492.60001233812,14533.01158434882,14204.66756176186,0,74191,14280.43925928193,14371.36529630601,14346.10806379932,48982,15780.71887017925,12911.49725741939,14245,5,0.01485673859214739,0.00976995419048685,0.01190061784732499,0.012226221448439593,0.019299309776698696,0.0163798811440854,0.016573740997289737
256,,2024-08-16,BR2410,14497.65145883946,14356.210956802,14543.1144773515,14351.15951030066,0,59561,14492.60001233812,14447.13699382608,14371.36529630601,50427,15805.97610268594,12931.70304342474,14360,5,-0.00941094457999297,0.011654677571564756,0.012047142421586346,0.012298954097822579,0.01925217168147015,0.016376657949746857,0.016551071415747413
257,,2024-08-19,BR2410,14336.00517079665,14583.5260493622,14603.73183536755,14265.28491977792,0,61260,14356.210956802,14457.23988682875,14447.13699382608,52843,15891.85069320869,13002.42329444347,14305,5,0.01583391977480646,0.013192242644065849,0.01261789210299606,0.012535189741157764,0.019325080809271502,0.01615178736173921,0.0165764609766541
258,,2024-08-20,BR2410,14583.5260493622,14755.27523040768,14810.8411419224,14497.65145883946,0,66153,14583.5260493622,14613.83472837023,14457.23988682875,55843,15901.95358621136,13007.47474094481,14380,5,0.011776931070314831,0.013103205825425263,0.012757831451636292,0.011998609137354245,0.019368953072608663,0.016135390780719818,0.016589904461506433
259,,2024-08-21,BR2410,14719.91510489832,14760.32667690902,14800.73824891972,14674.45208638628,0,46915,14755.27523040768,14740.12089090367,14613.83472837023,56820,16073.70276725685,13148.91524298227,14600,5,0.000342348510784145,0.010905461146324224,0.011827269192383298,0.011853443526068043,0.01933642095992116,0.016082795520230505,0.01657698172174086
260,,2024-08-22,BR2410,14800.73824891972,14745.17233740501,14836.09837442909,14659.29774688226,0,50782,14760.32667690902,14745.17233740501,14740.12089090367,55478,16210.09182279297,13265.09851251304,14550,5,-0.001026694045174299,0.010219923292036609,0.011214216575958032,0.011449432400134095,0.01927446027938938,0.016082138411214086,0.016572723766721247
261,,2024-08-23,BR2410,14740.12089090367,14825.99548142641,14911.87007194916,14714.86365839698,0,58256,14745.17233740501,14815.89258842374,14745.17233740501,54060,16215.14326929431,13270.14995901437,14740,5,0.005481329222336003,0.007255546951372597,0.011278299454479128,0.011479125299351781,0.019279108382801065,0.016086629935140852,0.016554344570120925
262,,2024-08-26,BR2410,14851.2527139331,14962.38453696253,14972.48742996521,14765.37812341036,0,61849,14825.99548142641,14866.40705343711,14815.89258842374,38934,16295.96641331571,13330.76731703043,14775,5,0.009199318568994959,0.005515612603089451,0.011090432297399987,0.01143509643784058,0.019277443410066028,0.016069112950537996,0.016554053180687475
263,,2024-08-27,BR2410,14977.53887646655,15164.44239701604,15179.59673652006,14891.6642859438,0,50646,14962.38453696253,15023.00189497859,14866.40705343711,38561,16351.53232483042,13376.23033554247,14835,5,0.013504388926400978,0.006061242704799011,0.010123076643003388,0.011487130744289394,0.01879832424047001,0.016103307434027887,0.016569773505152246
264,,2024-08-28,BR2410,15174.54529001872,15371.55170357089,15608.96968913377,15144.23661101069,0,140295,15164.44239701604,15396.80893607758,15023.00189497859,37759,16523.28150587591,13517.67083757992,15185,5,0.013657561625583008,0.0061529755796888574,0.01025389354409639,0.011689708330758516,0.01884703326071955,0.01614097241527091,0.016588020850312853
265,,2024-08-29,BR2410,15346.2944710642,15310.93434555484,15518.04365210969,15255.36843404013,0,77212,15371.55170357089,15406.91182908026,15396.80893607758,35952,16932.44867248427,13856.11775316956,15305,5,-0.0039434768320734045,0.007277572900183103,0.01013710433890531,0.011507137125877637,0.01878991552976307,0.01604843391836046,0.016589863560786643
266,,2024-08-30,BR2410,15305.8828990535,15275.57422004548,15371.55170357089,15179.59673652006,0,81084,15310.93434555484,15260.41988054146,15406.91182908026,27898,16947.60301198829,13866.22064617223,15065,5,-0.0023094688221706005,0.008560189824649383,0.0102123111594855,0.011134631314595909,0.018754759653912174,0.016040271349827204,0.01659143536548842
267,,2024-09-02,BR2411,15220.02667742713,15063.48360277542,15305.87287965548,14977.63740054707,0,31720,15275.57422004548,15113.9813687921,15260.42489024047,45536,16785.45742394419,13730.34257993509,14940,5,-0.013884297520661601,0.011965435433920804,0.00969362460204279,0.011178679045910868,0.018853524967344708,0.016065252749223755,0.016616307446242713
268,,2024-09-03,BR2411,15134.18047519877,14851.39298550537,15134.18047519877,14760.49700667535,0,30416,15063.48360277542,14917.04008132705,15113.9813687921,42621,16623.86457269081,13599.04838829172,14865,5,-0.01407978545088822,0.011334564224541415,0.009833702295551068,0.011326485668768652,0.01894706646022382,0.016107036204370765,0.016628200935264514
269,,2024-09-04,BR2411,14826.14410249703,14730.19834706534,14891.79119831871,14694.84991085366,0,27417,14851.39298550537,14795.84544288702,14917.04008132705,46522,16406.72417881909,13422.30620723335,14690,5,-0.008160489629377798,0.00546171932747995,0.009851859301411888,0.010483407941542745,0.018183706190436275,0.016119202964476498,0.016638560697005332
270,,2024-09-05,BR2411,14730.19834706534,14846.3432089037,14967.53784734373,14725.14857046367,0,38109,14730.19834706534,14871.59209191204,14795.84544288702,48667,16275.42998717572,13316.26089859832,14770,5,0.007884813164209659,0.00919864830299556,0.009935480137696785,0.01052132970536157,0.01668288032342296,0.016086920980120212,0.01663858921610521
271,,2024-09-06,BR2411,14866.54231531037,15073.58315597876,15093.78226238543,14826.14410249703,0,35674,14846.3432089037,14957.4382941404,14871.59209191204,51579,16356.22641280241,13381.90799442,14865,5,0.015306122448979862,0.013421992557813626,0.010348051301866423,0.01073356973998858,0.01641577255403804,0.016074691752495946,0.016661320600940173
272,,2024-09-09,BR2411,15048.33427297042,15119.03114539377,15199.82757102046,14891.79119831871,0,58885,15073.58315597876,15033.18494316542,14957.4382941404,50376,16452.1721682341,13457.65464344502,14780,5,0.0030150753768843296,0.011908262674073319,0.0103460903133799,0.010726967210943775,0.012921820469091568,0.016062408132689533,0.016590780894267455
273,,2024-09-10,BR2411,15199.82757102046,15088.73248578376,15295.77332645215,15028.13516656375,0,57967,15119.03114539377,15164.47913480878,15033.18494316542,51310,16532.96859386079,13528.35151586837,15000,5,-0.0020040080160322834,0.009009466571724047,0.010158739679900821,0.010733519993570903,0.011716557015154014,0.015959009897328024,0.016590409508690233
274,,2024-09-11,BR2411,15113.9813687921,15124.08092199544,15230.12623063046,15007.93606015708,0,88987,15088.73248578376,15134.18047519877,15164.47913480878,54059,16679.41211530916,13644.49637770674,15055,5,0.0023427041499334634,0.006597695775588403,0.009750979708698026,0.010719963130485467,0.011360773142191765,0.01591425768089266,0.016576893450459405
275,,2024-09-12,BR2411,15199.82757102046,15528.06305012887,15558.36170973888,15189.72801781712,0,128908,15124.08092199544,15361.42042227383,15134.18047519877,61265,16644.06367909748,13619.2474946984,15140,5,0.026711185308847793,0.01177553426195333,0.010816848725278742,0.0114584071824779,0.011672571922719198,0.01603580095481901,0.016655425733724024
276,,2024-09-13,BR2411,15538.16260333221,15523.0132735272,15719.95456099225,15427.06751809551,0,93060,15528.06305012887,15573.51103954388,15361.42042227383,61610,16896.55250918088,13821.23855876511,15495,5,-0.0003252032520326926,0.011782376454870505,0.01042940518506123,0.011455413173731603,0.011646178124362186,0.016031121426542613,0.01665486607372271
277,,2024-09-18,BR2411,15992.64249748232,16027.990933694,16128.98646572736,15881.54741224563,0,94355,15523.0132735272,16002.74205068566,15573.51103954388,62730,17128.84223285761,14013.13006962849,15835,5,0.03253090435914167,0.01642492324472319,0.011982092639616073,0.0124756901799899,0.012271408303633716,0.016252366960958713,0.01569612467819148
278,,2024-09-19,BR2411,15977.49316767732,16285.52954037906,16401.67440221742,15952.24428466898,0,116379,16027.990933694,16194.63356154904,16002.74205068566,65736,17598.47145681272,14401.96286795693,16120,5,0.01606805293005648,0.01448801758482098,0.012150812915093376,0.012535103849461373,0.012412186687943506,0.01624031629889567,0.015625046287418173
279,,2024-09-20,BR2411,16320.87797659074,16027.990933694,16346.12685959908,16002.74205068566,0,100986,16285.52954037906,16169.3846785407,16194.63356154904,64504,17810.56207408277,14573.65527241363,16055,5,-0.01581395348837187,0.019873822308534458,0.012986186860045915,0.012518980147336135,0.012594842938366478,0.015975456926432516,0.015327152919870265
280,,2024-09-23,BR2411,15957.29406127065,15507.8639437222,15977.49316767732,15416.96796489218,0,126106,16027.990933694,15618.95902895889,16169.3846785407,57479,17785.31319107443,14548.40638940529,15350,5,-0.03245116572148736,0.025591537113104537,0.015340484563825247,0.013330665821441386,0.013238208071087571,0.016220557793794582,0.015439620055923788
281,,2024-09-24,BR2411,15548.26215653554,16022.94115709233,16033.04071029567,15492.7146139172,0,100676,15507.8639437222,15679.55634817891,15618.95902895889,51614,17179.33999887428,14053.52828244184,15355,5,0.03321393682839478,0.029570577878996335,0.01679553773569277,0.014252980633947988,0.013515275157903238,0.01647064344607895,0.015569245064986614
282,,2024-09-25,BR2411,16098.68780611735,15932.04517826231,16745.05921113084,15881.54741224563,0,199835,16022.94115709233,16290.57931698073,15679.55634817891,52973,17244.98709469597,14109.07582506018,16265,5,-0.005672864796722171,0.025943944113866368,0.016883301297337106,0.01413711713387244,0.013435439513368282,0.016321131211375094,0.015385289126157156
283,,2024-09-26,BR2411,15876.49763564396,15977.49316767732,16351.17663620074,15825.99986962728,0,171865,15932.04517826231,16068.38914650734,16290.57931698073,36354,17916.6073827178,14659.50147464199,15935,5,0.0028526148969888186,0.024406792444177032,0.016710904551597378,0.013637524236756831,0.01318037087288099,0.016309775870372932,0.015376554312188933
284,,2024-09-27,BR2411,16093.63802951568,15856.29852923729,16154.23534873569,15730.05411419559,0,123412,15977.49316767732,15906.79629525397,16068.38914650734,29895,17674.21810583774,14457.51041057527,15780,5,-0.007585335018963257,0.023640553603842443,0.016655933580521746,0.01367041419610813,0.013226618872480705,0.016327665256514308,0.015240640492547286
285,,2024-09-30,BR2411,15851.24875263562,16548.11792366579,16644.06367909748,15785.60165681394,0,146609,15856.29852923729,16159.28512533736,15906.79629525397,23422,17497.47592477936,14316.11666572857,16020,5,0.04363057324840734,0.023568105993559876,0.019036794382651184,0.015059843704473105,0.014221303522140521,0.016742277057777612,0.015373568872326486
286,,2024-10-08,BR2411,16734.95965792751,16447.12239163243,16765.25831753751,16250.18110416738,0,96107,16548.11792366579,16487.52060444578,16159.28512533736,22958,17775.2136378711,14543.35661280363,16570,5,-0.00610314311870629,0.02174633586655713,0.01912234480500917,0.015138461022331089,0.014194601730994287,0.01672766313201302,0.015361369259199413
287,,2024-10-09,BR2411,16447.12239163243,16381.47529581075,16815.75608355419,16381.47529581075,0,143593,16447.12239163243,16613.76501948748,16487.52060444578,23403,17638.86966962606,15331.12176266382,16520,5,-0.003991403131716207,0.021543880793473767,0.01876339596023843,0.01475290785659157,0.014210162173274766,0.016734160192299095,0.015360961434240978
288,,2024-10-10,BR2411,16381.47529581075,15492.7146139172,16381.47529581075,15462.41595430719,0,144186,16381.47529581075,15942.14473146564,16613.76501948748,22039,17775.2136378711,15447.26662450218,16050,5,-0.05425400739827339,0.034632447467113144,0.02260040843119893,0.01720755361832754,0.01574236456166366,0.017462335887866904,0.015747212312508273
289,,2024-10-11,BR2411,15568.46126294222,15714.90478439058,15780.55188021227,15543.21237993388,0,104999,15492.7146139172,15654.30746517057,15942.14473146564,18093,17053.09558383259,14826.14410249703,15590,5,0.014341590612776428,0.03569962691543095,0.022609224916636323,0.017229055821667737,0.015659567955001782,0.017440355574147415,0.015761009998247442
290,,2024-10-14,BR2412,15826.21447700378,15988.11948444116,16069.07198815985,15639.01181215431,0,22288,15714.90478439058,15861.63119738071,15654.19040660157,24488,16747.04920680388,14556.27207491684,15700,5,0.017385705086928802,0.02868706869958314,0.02280549934758039,0.017381201883917452,0.015715640076437137,0.01746077144928818,0.015782114614694392
291,,2024-10-15,BR2412,15897.04791775764,15962.82182702907,16079.19105112469,15811.03588255653,0,14466,15988.11948444116,15932.46463813456,15861.63119738071,24215,16969.66859203027,14748.53427124873,15685,5,-0.0015822784810125925,0.02877477091458538,0.022675563288582265,0.017397439575036366,0.01569412298740529,0.017425699111025608,0.015680862534894414
292,,2024-10-16,BR2412,15922.34557516973,15558.05930843562,15967.88135851149,15441.69008434001,0,21855,15962.82182702907,15714.90478439058,15932.46463813456,25660,17045.56156426654,14814.30818052017,15600,5,-0.025356576862123812,0.030031368651173878,0.023552674324619497,0.017968253111046342,0.015616707631949639,0.017487519035927872,0.01571277859653659
293,,2024-10-17,BR2412,15512.52352509386,15436.63055285759,15639.01181215431,15355.6780491389,0,15002,15558.05930843562,15512.52352509386,15714.90478439058,24904,16812.82311607531,14611.92692122344,15400,5,-0.0078048780487802345,0.017410484629358684,0.02363621781630779,0.01796273289309485,0.015645484838954598,0.017465969307163515,0.015663695519766825
294,,2024-10-18,BR2412,15466.9877417521,15623.83321770706,15714.90478439058,15391.09476951583,0,14887,15436.63055285759,15623.83321770706,15512.52352509386,25627,16595.26326233133,14424.72425637397,15400,5,0.012127171419206878,0.016957552682810583,0.02375755643680334,0.017932226574838426,0.015683195843368507,0.0174695379282188,0.015571670150054577
295,,2024-10-21,BR2412,15623.83321770706,15289.90413986747,15623.83321770706,15107.76100650041,0,21809,15623.83321770706,15284.84460838505,15623.83321770706,25816,16716.69201790937,14525.91488602233,15030,5,-0.02137305699481839,0.015192385043711211,0.0235462183714382,0.018200272680836155,0.015932205702937848,0.017551943749251713,0.015627679735173042
296,,2024-10-22,BR2412,15239.30882504328,15477.10680471694,15512.52352509386,15188.7135102191,0,11255,15289.90413986747,15340.49945469165,15284.84460838505,26473,16352.40575117527,14212.22393411241,15020,5,0.012243547319655795,0.01785834210377421,0.023718455651253703,0.018189402380478968,0.015995998043778662,0.017486365823259107,0.015643845570623344
297,,2024-10-23,BR2412,15552.99977695321,15426.51148989275,15725.02384735542,15411.3328954455,0,13099,15477.10680471694,15542.88071398837,15340.49945469165,27110,16413.12012896428,14262.81924893659,15400,5,-0.0032690421706445694,0.014250770775477262,0.0224613049257861,0.018068411738127906,0.015998498924661292,0.01748941184795721,0.01563355657729078
298,,2024-10-24,BR2412,15380.97570655099,15355.6780491389,15380.97570655099,15188.7135102191,0,12434,15426.51148989275,15279.78507690263,15542.88071398837,26264,16630.67998270826,14450.02191378606,15025,5,-0.004591669399802977,0.01397158291650375,0.02207435034584039,0.018016499293401492,0.016000206762173202,0.01746036020973264,0.015592735693390229
299,,2024-10-25,BR2501,15350.61184061065,15203.69179329127,15431.67117706272,15102.36762272618,0,51113,15355.6780491389,15259.42008710207,15264.48629563032,31199,16328.39008656374,14195.51629616866,15100,5,-0.009897723523589608,0.012164031990155004,0.021928562684084968,0.01810091737977968,0.01605455518914053,0.017464098856808927,0.015547737935437652
300,,2024-10-28,BR2501,15198.62558476302,15147.96349948047,15401.27392589319,15117.56624831095,0,45134,15203.69179329127,15279.68492121509,15259.42008710207,32744,16323.32387803548,14190.4500876404,15080,5,-0.003665444851716251,0.008309922247596907,0.02076671239170069,0.01811292524190405,0.016059008185350544,0.01746946837148322,0.015520100990570735
301,,2024-10-29,BR2501,15077.03658008491,15117.56624831095,15223.95662740429,14889.5868645395,0,56938,15147.96349948047,15077.03658008491,15279.68492121509,34555,16348.65492067675,14205.64871322517,14845,5,-0.0020066889632102533,0.0030577348730908135,0.019145629084628912,0.018102359204614685,0.01601514209691167,0.01746519963335229,0.015486809341285712
302,,2024-10-30,BR2501,15046.63932891539,15041.57312038713,15137.83108242397,14869.32203042649,0,46280,15117.56624831095,15006.10966068935,15077.03658008491,35066,16130.80795396182,14018.19899767976,14820,5,-0.005026809651474908,0.0029533456721837635,0.01914094455366951,0.018069749445315975,0.01582275126764454,0.01738684181414669,0.01548840607405127
