date,dominant_id,open,close,high,low,total_turnover,volume,prev_close,settlement,prev_settlement,open_interest,limit_up,limit_down,day_session_open,multiplier,profit,sigma20,sigma40,sigma252,sigma126,sigma63,sigma5
2023-09-15,PX2405,10000.0,9468.0,10050.0,9410.0,0,235242,9550.0,9620.0,9550.0,30735,11460.0,7640.0,10000,5,-0.008586387434554974,0.0,0.0,0.0,0.0,0.0,0.0
2023-09-18,PX2405,9450.0,9346.0,9468.0,9290.0,0,123567,9468.0,9374.0,9620.0,35656,10582.0,8658.0,9450,5,-0.01288550908322771,,,,,,
2023-09-19,PX2405,9370.0,9326.0,9436.0,9290.0,0,98362,9346.0,9364.0,9374.0,38861,10312.0,8436.0,9370,5,-0.002139952921035737,0.003039938070922385,0.003039938070922385,0.003039938070922385,0.003039938070922385,0.003039938070922385,0.003039938070922385
2023-09-20,PX2405,9358.0,9310.0,9564.0,9254.0,0,217136,9326.0,9414.0,9364.0,47627,10302.0,8426.0,9430,5,-0.001715633712202445,0.005408418470649877,0.005408418470649877,0.005408418470649877,0.005408418470649877,0.005408418470649877,0.005408418470649877
2023-09-21,PX2405,9344.0,9134.0,9346.0,9132.0,0,100829,9310.0,9238.0,9414.0,45964,10356.0,8472.0,9266,5,-0.01890440386680988,0.005382528537085238,0.005382528537085238,0.005382528537085238,0.005382528537085238,0.005382528537085238,0.005382528537085238
2023-09-22,PX2405,9172.0,9218.0,9280.0,9162.0,0,85025,9134.0,9224.0,9238.0,42487,10162.0,8314.0,9180,5,0.009196409021239325,0.007303590055184331,0.007303590055184331,0.007303590055184331,0.007303590055184331,0.007303590055184331,0.007303590055184331
2023-09-25,PX2405,9254.0,9130.0,9300.0,9066.0,0,85762,9218.0,9168.0,9224.0,42236,10148.0,8300.0,9150,5,-0.00954653937947494,0.009845352498372388,0.009845352498372388,0.009845352498372388,0.009845352498372388,0.009845352498372388,0.01090411261871256
2023-09-26,PX2405,9120.0,8930.0,9130.0,8890.0,0,81098,9130.0,9022.0,9168.0,46773,10086.0,8250.0,9052,5,-0.02190580503833516,0.009096111065943763,0.009096111065943763,0.009096111065943763,0.009096111065943763,0.009096111065943763,0.01041386214248889
2023-09-27,PX2405,8950.0,8980.0,9040.0,8912.0,0,48233,8930.0,8976.0,9022.0,41127,9926.0,8118.0,8960,5,0.005599104143337066,0.0100545477117827,0.0100545477117827,0.0100545477117827,0.0100545477117827,0.0100545477117827,0.01273012883144416
2023-09-28,PX2405,9018.0,9006.0,9166.0,8968.0,0,60168,8980.0,9074.0,8976.0,33209,9874.0,8078.0,9058,5,0.00289532293986637,0.01048599635502027,0.01048599635502027,0.01048599635502027,0.01048599635502027,0.01048599635502027,0.01406574572767237
2023-10-09,PX2405,8746.0,8620.0,8826.0,8586.0,0,53455,9006.0,8680.0,9074.0,43936,9982.0,8166.0,8746,5,-0.04286031534532534,0.01034754826530697,0.01034754826530697,0.01034754826530697,0.01034754826530697,0.01034754826530697,0.01282021535807436
2023-10-10,PX2405,8640.0,8500.0,8650.0,8488.0,0,52618,8620.0,8570.0,8680.0,47778,9548.0,7812.0,8580,5,-0.01392111368909513,0.01487379117676816,0.01487379117676816,0.01487379117676816,0.01487379117676816,0.01487379117676816,0.01988298425484882
2023-10-11,PX2405,8506.0,8458.0,8526.0,8404.0,0,74368,8500.0,8458.0,8570.0,53859,9428.0,7712.0,8472,5,-0.004941176470588235,0.0142478117351041,0.0142478117351041,0.0142478117351041,0.0142478117351041,0.0142478117351041,0.01978000988209143
2023-10-12,PX2405,8438.0,8390.0,8462.0,8292.0,0,83094,8458.0,8368.0,8458.0,60530,9304.0,7612.0,8366,5,-0.008039725703475999,0.01370137766312408,0.01370137766312408,0.01370137766312408,0.01370137766312408,0.01370137766312408,0.01954676654380643
2023-10-13,PX2405,8436.0,8404.0,8486.0,8316.0,0,91310,8390.0,8400.0,8368.0,62214,9206.0,7530.0,8342,5,0.00166865315852205,0.01316756614560145,0.01316756614560145,0.01316756614560145,0.01316756614560145,0.01316756614560145,0.017564167985654
2023-10-16,PX2405,8502.0,8444.0,8518.0,8402.0,0,90508,8404.0,8466.0,8400.0,63872,9240.0,7560.0,8430,5,0.00475963826749167,0.01299105929746689,0.01299105929746689,0.01299105929746689,0.01299105929746689,0.01299105929746689,0.01728649080521494
2023-10-17,PX2405,8460.0,8362.0,8506.0,8280.0,0,81194,8444.0,8398.0,8466.0,66189,9314.0,7618.0,8330,5,-0.009711037423022264,0.01297495675297305,0.01297495675297305,0.01297495675297305,0.01297495675297305,0.01297495675297305,0.007490889499594167
2023-10-18,PX2405,8332.0,8420.0,8498.0,8332.0,0,86598,8362.0,8436.0,8398.0,66680,9238.0,7558.0,8490,5,0.006936139679502512,0.01257354574325286,0.01257354574325286,0.01257354574325286,0.01257354574325286,0.01257354574325286,0.006242875370498254
2023-10-19,PX2405,8402.0,8400.0,8466.0,8318.0,0,78807,8420.0,8396.0,8436.0,66750,9280.0,7592.0,8356,5,-0.002375296912114014,0.01267708854168927,0.01267708854168927,0.01267708854168927,0.01267708854168927,0.01267708854168927,0.007560457144796182
2023-10-20,PX2405,8388.0,8410.0,8530.0,8350.0,0,90202,8400.0,8448.0,8396.0,63958,9236.0,7556.0,8420,5,0.001190476190476191,0.01236346472859968,0.01236346472859968,0.01236346472859968,0.01236346472859968,0.01236346472859968,0.006579668882921306
2023-10-23,PX2405,8406.0,8318.0,8432.0,8234.0,0,81920,8410.0,8324.0,8448.0,65595,9294.0,7602.0,8320,5,-0.01093935790725327,0.0121609690705187,0.0121609690705187,0.0121609690705187,0.0121609690705187,0.0121609690705187,0.006557433426368784
2023-10-24,PX2405,8336.0,8530.0,8544.0,8298.0,0,89732,8318.0,8400.0,8324.0,65482,9158.0,7490.0,8320,5,0.02548689588843472,0.01219594666789065,0.01189686742158116,0.01189686742158116,0.01189686742158116,0.01189686742158116,0.00749577558592997
2023-10-25,PX2405,8500.0,8460.0,8590.0,8406.0,0,164517,8530.0,8482.0,8400.0,67143,9240.0,7560.0,8446,5,-0.008206330597889801,0.01400336516886109,0.01346347464696842,0.01346347464696842,0.01346347464696842,0.01346347464696842,0.01361994858175758
2023-10-26,PX2405,8480.0,8510.0,8564.0,8464.0,0,71013,8460.0,8502.0,8482.0,65909,9332.0,7632.0,8560,5,0.00591016548463357,0.01401608424113956,0.01317055356059281,0.01317055356059281,0.01317055356059281,0.01317055356059281,0.01447702386225023
2023-10-27,PX2405,8474.0,8554.0,8596.0,8430.0,0,91193,8510.0,8498.0,8502.0,63537,9354.0,7650.0,8502,5,0.005170387779083431,0.01420589317268184,0.01307816704497201,0.01307816704497201,0.01307816704497201,0.01307816704497201,0.01446379880708067
2023-10-30,PX2405,8552.0,8630.0,8668.0,8520.0,0,72051,8554.0,8596.0,8498.0,65204,9348.0,7648.0,8552,5,0.008884732288987608,0.01392814862704361,0.01295440444730342,0.01295440444730342,0.01295440444730342,0.01295440444730342,0.0144702685908579
2023-10-31,PX2405,8614.0,8638.0,8688.0,8506.0,0,84397,8630.0,8610.0,8596.0,64595,9456.0,7736.0,8560,5,0.0009269988412514484,0.01391373710230023,0.01295394948478716,0.01295394948478716,0.01295394948478716,0.01295394948478716,0.01204238843202505
2023-11-01,PX2405,8624.0,8596.0,8668.0,8566.0,0,56331,8638.0,8618.0,8610.0,62918,9472.0,7748.0,8616,5,-0.004862236628849271,0.01385918072485381,0.01273502201552037,0.01273502201552037,0.01273502201552037,0.01273502201552037,0.006644884078732791
2023-11-02,PX2405,8650.0,8564.0,8650.0,8500.0,0,47360,8596.0,8568.0,8618.0,61475,9480.0,7756.0,8510,5,-0.003722661703117729,0.01311858578976158,0.01249912703167966,0.01249912703167966,0.01249912703167966,0.01249912703167966,0.005331735629818675
2023-11-03,PX2405,8574.0,8652.0,8696.0,8550.0,0,52730,8564.0,8626.0,8568.0,60070,9426.0,7710.0,8620,5,0.01027557216254087,0.01300618202580816,0.01227390220333702,0.01227390220333702,0.01227390220333702,0.01227390220333702,0.005827636172850664
2023-11-06,PX2405,8666.0,8558.0,8700.0,8502.0,0,97422,8652.0,8574.0,8626.0,67820,9490.0,7762.0,8650,5,-0.01086453999075358,0.01326312707189011,0.01232652481698779,0.01232652481698779,0.01232652481698779,0.01232652481698779,0.007007561437128486
2023-11-07,PX2405,8570.0,8496.0,8616.0,8466.0,0,69903,8558.0,8556.0,8574.0,66215,9432.0,7716.0,8580,5,-0.007244683337228324,0.009444886829209409,0.01219702699373271,0.01219702699373271,0.01219702699373271,0.01219702699373271,0.007880075037801533
2023-11-08,PX2405,8478.0,8462.0,8492.0,8352.0,0,71098,8496.0,8434.0,8556.0,69082,9412.0,7700.0,8420,5,-0.004001883239171375,0.00904848514810125,0.01201733682455825,0.01201733682455825,0.01201733682455825,0.01201733682455825,0.008057556248733194
2023-11-09,PX2405,8428.0,8432.0,8562.0,8380.0,0,80455,8462.0,8480.0,8434.0,72143,9278.0,7590.0,8524,5,-0.003545261167572678,0.009023810295545841,0.01182830656585789,0.01182830656585789,0.01182830656585789,0.01182830656585789,0.008024537923230912
2023-11-10,PX2405,8450.0,8470.0,8528.0,8426.0,0,59710,8432.0,8476.0,8480.0,74406,9328.0,7632.0,8450,5,0.004506641366223909,0.0088660125706471,0.01164771366873746,0.01164771366873746,0.01164771366873746,0.01164771366873746,0.008021552543843553
2023-11-13,PX2405,8498.0,8452.0,8538.0,8378.0,0,65886,8470.0,8448.0,8476.0,72019,9324.0,7628.0,8492,5,-0.002125147579693034,0.008911884814712499,0.01155644522653193,0.01155644522653193,0.01155644522653193,0.01155644522653193,0.005699895687311197
2023-11-14,PX2405,8466.0,8566.0,8606.0,8426.0,0,63398,8452.0,8528.0,8448.0,73646,9294.0,7602.0,8520,5,0.0134879318504496,0.008868654062219872,0.01139200849539497,0.01139200849539497,0.01139200849539497,0.01139200849539497,0.00433278702785988
2023-11-15,PX2405,8540.0,8624.0,8628.0,8528.0,0,55339,8566.0,8576.0,8528.0,74552,9382.0,7674.0,8530,5,0.006770954938127481,0.009035597105403465,0.01156767931109978,0.01156767931109978,0.01156767931109978,0.01156767931109978,0.007441139823186338
2023-11-16,PX2405,8608.0,8778.0,8780.0,8544.0,0,63738,8624.0,8634.0,8576.0,79042,9434.0,7718.0,8562,5,0.01785714285714286,0.009030194494431782,0.01151694996212156,0.01151694996212156,0.01151694996212156,0.01151694996212156,0.006932538581292814
2023-11-17,PX2405,8776.0,8672.0,8840.0,8630.0,0,113917,8778.0,8736.0,8634.0,84519,9498.0,7770.0,8684,5,-0.01207564365459102,0.009711876585905369,0.01182777365767235,0.01182777365767235,0.01182777365767235,0.01182777365767235,0.00780166448918159
2023-11-20,PX2405,8694.0,8708.0,8772.0,8648.0,0,67124,8672.0,8712.0,8736.0,89060,9610.0,7862.0,8728,5,0.004151291512915129,0.01022724361855881,0.01178141852191662,0.01178141852191662,0.01178141852191662,0.01178141852191662,0.01206852708131681
2023-11-21,PX2405,8722.0,8452.0,8762.0,8430.0,0,81928,8708.0,8594.0,8712.0,81361,9584.0,7840.0,8600,5,-0.02939825447864033,0.009802494934489656,0.01178039741124931,0.01167730642206621,0.01167730642206621,0.01167730642206621,0.01148253674273633
2023-11-22,PX2405,8466.0,8416.0,8510.0,8388.0,0,54777,8452.0,8456.0,8594.0,77388,9454.0,7734.0,8446,5,-0.004259346900141978,0.01062890863894619,0.01244163415202766,0.01227478887441333,0.01227478887441333,0.01227478887441333,0.01843776713854941
2023-11-23,PX2405,8400.0,8410.0,8448.0,8324.0,0,45119,8416.0,8384.0,8456.0,76719,9302.0,7610.0,8430,5,-0.0007129277566539924,0.01051244495299916,0.01244486090750796,0.01212973979346391,0.01212973979346391,0.01212973979346391,0.01769009621315615
2023-11-24,PX2405,8410.0,8408.0,8448.0,8368.0,0,36107,8410.0,8408.0,8384.0,76379,9224.0,7544.0,8414,5,-0.0002378121284185493,0.01041342666868867,0.01244746472652793,0.01199224740890066,0.01199224740890066,0.01199224740890066,0.01311669416089393
2023-11-27,PX2405,8404.0,8298.0,8430.0,8272.0,0,70021,8408.0,8328.0,8408.0,77447,9250.0,7566.0,8330,5,-0.01308277830637488,0.0103272259336558,0.0121618652491531,0.01186140729506149,0.01186140729506149,0.01186140729506149,0.0133666662665026
2023-11-28,PX2405,8296.0,8258.0,8328.0,8252.0,0,37103,8298.0,8290.0,8328.0,77765,9162.0,7494.0,8314,5,-0.004820438659918052,0.01040978503234797,0.01214631378696609,0.01182727524736128,0.01182727524736128,0.01182727524736128,0.01223963575890475
2023-11-29,PX2405,8280.0,8254.0,8330.0,8206.0,0,60764,8258.0,8268.0,8290.0,79137,9120.0,7460.0,8310,5,-0.0004843787842092516,0.01040673926842476,0.01209943164119685,0.0117010873237743,0.0117010873237743,0.0117010873237743,0.005154066638012058
2023-11-30,PX2405,8272.0,8442.0,8476.0,8262.0,0,91686,8254.0,8356.0,8268.0,69619,9096.0,7440.0,8294,5,0.02277683547370972,0.01039372229584084,0.01168238684374538,0.01158172418906084,0.01158172418906084,0.01158172418906084,0.005486367547343607
2023-12-01,PX2405,8446.0,8318.0,8484.0,8262.0,0,63217,8442.0,8378.0,8356.0,66977,9192.0,7520.0,8414,5,-0.01468846244965648,0.01175879773680106,0.01226621570908481,0.01203610441657574,0.01203610441657574,0.01203610441657574,0.01332314019370327
2023-12-04,PX2405,8320.0,8278.0,8402.0,8252.0,0,50667,8318.0,8328.0,8378.0,67580,9216.0,7540.0,8348,5,-0.004808848280836739,0.01186236994008974,0.01241990176469091,0.01203788883611022,0.01203788883611022,0.01203788883611022,0.01506611019367629
2023-12-05,PX2405,8280.0,8274.0,8310.0,8190.0,0,48732,8278.0,8254.0,8328.0,68428,9162.0,7494.0,8278,5,-0.0004832085044696786,0.01169763774418653,0.01051385672190801,0.01192060507097454,0.01192060507097454,0.01192060507097454,0.01396702433139633
2023-12-06,PX2405,8270.0,8310.0,8342.0,8110.0,0,84547,8274.0,8224.0,8254.0,70213,9080.0,7428.0,8240,5,0.00435097897026831,0.01162328615582313,0.01030156492244212,0.01180726465780775,0.01180726465780775,0.01180726465780775,0.01375735519118919
2023-12-07,PX2405,8290.0,8270.0,8310.0,8170.0,0,50637,8310.0,8254.0,8224.0,69488,9048.0,7400.0,8250,5,-0.004813477737665463,0.01166950463350737,0.01030643288593348,0.01173305998916262,0.01173305998916262,0.01173305998916262,0.01384384274521585
2023-12-08,PX2405,8246.0,8338.0,8394.0,8244.0,0,57559,8270.0,8338.0,8254.0,71805,9080.0,7428.0,8350,5,0.008222490931076179,0.01168840286441123,0.01025753633362336,0.0116259148960549,0.0116259148960549,0.0116259148960549,0.007028986952321457
2023-12-11,PX2405,8340.0,8336.0,8386.0,8282.0,0,57392,8338.0,8346.0,8338.0,73709,9172.0,7504.0,8338,5,-0.0002398656752218757,0.0118078636013919,0.01034192858473881,0.01160975206597274,0.01160975206597274,0.01160975206597274,0.005741304605289664
2023-12-12,PX2405,8326.0,8356.0,8426.0,8268.0,0,72177,8336.0,8354.0,8346.0,78311,9182.0,7510.0,8306,5,0.002399232245681382,0.01180356885583168,0.01031129943967184,0.01150733882389084,0.01150733882389084,0.01150733882389084,0.005002432560780199
2023-12-13,PX2405,8346.0,8136.0,8358.0,8132.0,0,97062,8356.0,8226.0,8354.0,94084,9190.0,7518.0,8266,5,-0.02632838678793681,0.011357810201448,0.01020421862621231,0.01142153648775075,0.01142153648775075,0.01142153648775075,0.004895024474246997
2023-12-14,PX2405,8160.0,8098.0,8214.0,8092.0,0,82410,8136.0,8154.0,8226.0,103334,9050.0,7402.0,8182,5,-0.004670599803343166,0.01249319874035274,0.01095504792740439,0.01175318638496797,0.01175318638496797,0.01175318638496797,0.01326255205909523
2023-12-15,PX2405,8160.0,8244.0,8300.0,8132.0,0,89144,8098.0,8220.0,8154.0,85609,8970.0,7338.0,8212,5,0.01802914299827118,0.01150607244234537,0.01096951913488011,0.01165427640243603,0.01165427640243603,0.01165427640243603,0.01326092435522554
2023-12-18,PX2405,8260.0,8308.0,8330.0,8200.0,0,47826,8244.0,8262.0,8220.0,82096,9042.0,7398.0,8270,5,0.007763221737020863,0.01232831363990926,0.01136601125892268,0.01186163624137571,0.01186163624137571,0.01186163624137571,0.01598819110195208
2023-12-19,PX2405,8300.0,8318.0,8378.0,8300.0,0,41594,8308.0,8342.0,8262.0,79041,9090.0,7434.0,8326,5,0.001203659123736158,0.0124559756626469,0.01130735573141173,0.01183382881576063,0.01183382881576063,0.01183382881576063,0.01661697994862758
2023-12-20,PX2405,8322.0,8492.0,8512.0,8320.0,0,63446,8318.0,8424.0,8342.0,82436,9178.0,7506.0,8386,5,0.02091849002163982,0.01070524073983003,0.01053089586947589,0.0117444433588635,0.0117444433588635,0.0117444433588635,0.01657226686008475
2023-12-21,PX2405,8512.0,8598.0,8614.0,8450.0,0,78399,8492.0,8524.0,8424.0,80557,9268.0,7580.0,8472,5,0.01248233631653321,0.01170394345889416,0.01098670829703089,0.01200663242757315,0.01200663242757315,0.01200663242757315,0.01086458594056211
2023-12-22,PX2405,8580.0,8604.0,8674.0,8530.0,0,80112,8598.0,8598.0,8524.0,80780,9378.0,7670.0,8568,5,0.0006978367062107466,0.01199929066369446,0.01112330127024951,0.01204383976653229,0.01204383976653229,0.01210729049843808,0.007915213930025384
2023-12-25,PX2405,8614.0,8570.0,8626.0,8498.0,0,57315,8604.0,8560.0,8598.0,81522,9458.0,7738.0,8560,5,-0.00395165039516504,0.01199531824793588,0.01109571535210977,0.01195268027403513,0.01195268027403513,0.01202111363540845,0.008436040443066393
2023-12-26,PX2405,8568.0,8544.0,8620.0,8530.0,0,43853,8570.0,8570.0,8560.0,82282,9416.0,7704.0,8552,5,-0.003033838973162194,0.01158913159137254,0.01102366216859658,0.01186411686688577,0.01186411686688577,0.01202546594042279,0.01017804417338707
2023-12-27,PX2405,8558.0,8648.0,8662.0,8546.0,0,59599,8544.0,8620.0,8570.0,86972,9428.0,7712.0,8600,5,0.01217228464419476,0.01154320142632764,0.01103184816834533,0.01177525330910249,0.01177525330910249,0.01202740160094994,0.01085902623599496
2023-12-28,PX2405,8648.0,8674.0,8724.0,8588.0,0,63938,8648.0,8654.0,8620.0,90250,9482.0,7758.0,8610,5,0.003006475485661424,0.01175820936582194,0.01117566845258115,0.01180563049166925,0.01180563049166925,0.01193022387545935,0.008090284672233786
2023-12-29,PX2405,8650.0,8590.0,8666.0,8532.0,0,53743,8674.0,8590.0,8654.0,89466,9520.0,7788.0,8596,5,-0.009684113442471755,0.01074209544720843,0.01116556663937668,0.01173044319519159,0.01173044319519159,0.01187194089656876,0.00645561278527886
2024-01-02,PX2405,8602.0,8614.0,8742.0,8592.0,0,48313,8590.0,8660.0,8590.0,89678,9450.0,7730.0,8602,5,0.002793946449359721,0.01040018330896821,0.01115799201221642,0.01168790891448166,0.01168790891448166,0.01187357041120693,0.00829699733115339
2024-01-03,PX2405,8602.0,8522.0,8670.0,8478.0,0,60611,8614.0,8552.0,8660.0,90417,9526.0,7794.0,8550,5,-0.01068028790341305,0.01028959030987957,0.01102896473226967,0.0116150210722315,0.0116150210722315,0.01157267055484158,0.008100513701069756
2024-01-04,PX2405,8540.0,8528.0,8638.0,8500.0,0,61505,8522.0,8560.0,8552.0,93080,9408.0,7696.0,8558,5,0.0007040600797934757,0.01066700143117504,0.0111017454304669,0.01158484577121673,0.01158484577121673,0.0116158349641441,0.00963997026917281
2024-01-05,PX2405,8526.0,8558.0,8600.0,8452.0,0,71390,8528.0,8522.0,8560.0,93058,9416.0,7704.0,8496,5,0.003517823639774859,0.01064742750577875,0.01108168107936784,0.01150704292272686,0.01150704292272686,0.01160797958850905,0.00683322512247017
2024-01-08,PX2405,8548.0,8370.0,8646.0,8362.0,0,105868,8558.0,8496.0,8522.0,87007,9376.0,7668.0,8616,5,-0.02196774947417621,0.01055620183019263,0.01107585724602273,0.01144273592887581,0.01144273592887581,0.01029367303163578,0.006944253971658945
2024-01-09,PX2405,8352.0,8274.0,8362.0,8266.0,0,62475,8370.0,8316.0,8496.0,88006,9346.0,7646.0,8332,5,-0.01146953405017921,0.01168281107536012,0.01160445523420476,0.01161027307821874,0.01161027307821874,0.01051592803158582,0.01102185871235903
2024-01-10,PX2405,8322.0,8318.0,8372.0,8300.0,0,56514,8274.0,8332.0,8316.0,81247,9148.0,7484.0,8328,5,0.005317863185883491,0.01197414738403372,0.01173686421037212,0.01158704134108868,0.01158704134108868,0.01059536560176397,0.01028030133559629
2024-01-11,PX2405,8328.0,8314.0,8360.0,8250.0,0,55927,8318.0,8306.0,8332.0,81898,9166.0,7498.0,8300,5,-0.000480884828083674,0.01202650804305151,0.01155754794259962,0.0115392545261416,0.0115392545261416,0.01057148344142824,0.01163039369086784
2024-01-12,PX2405,8336.0,8364.0,8428.0,8308.0,0,59450,8314.0,8370.0,8306.0,83351,9138.0,7474.0,8320,5,0.006013952369497234,0.0103363452353854,0.01149455725162058,0.01146494633181376,0.01146494633181376,0.01056921148227281,0.01150208736080483
2024-01-15,PX2405,8366.0,8360.0,8432.0,8320.0,0,52342,8364.0,8378.0,8370.0,81419,9208.0,7532.0,8368,5,-0.0004782400765184123,0.01029661544840264,0.01114762796561311,0.01142431621002457,0.01142431621002457,0.01057972001832584,0.01200814415238663
2024-01-16,PX2405,8338.0,8440.0,8478.0,8316.0,0,59446,8360.0,8418.0,8378.0,82780,9216.0,7540.0,8408,5,0.009569377990430622,0.009553631980012006,0.01100599741786607,0.01135248821395234,0.01135248821395234,0.01050808649924842,0.007003871322252499
2024-01-17,PX2405,8450.0,8428.0,8480.0,8396.0,0,52230,8440.0,8440.0,8418.0,77738,9260.0,7576.0,8422,5,-0.001421800947867299,0.009631709453882073,0.0111021277699512,0.01134934675122305,0.01134934675122305,0.01054110165072374,0.004385858825265091
2024-01-18,PX2405,8406.0,8474.0,8518.0,8374.0,0,66650,8428.0,8462.0,8440.0,79803,9284.0,7596.0,8488,5,0.005457997152349312,0.009644269225818848,0.01008370691678286,0.01127907228236154,0.01127907228236154,0.0105381855097907,0.004882658164223475
2024-01-19,PX2405,8468.0,8566.0,8576.0,8460.0,0,50111,8474.0,8518.0,8462.0,83054,9310.0,7614.0,8482,5,0.01085673825820156,0.008488900612930955,0.01009603738801733,0.01123577390287544,0.01123577390287544,0.01055895397824279,0.004650344421793117
2024-01-22,PX2405,8530.0,8592.0,8614.0,8510.0,0,57163,8566.0,8570.0,8518.0,81167,9370.0,7666.0,8540,5,0.003035255661919215,0.008369311175318675,0.01023337715904438,0.01124736311793877,0.01124736311793877,0.01054597578878358,0.0056221566057625
2024-01-23,PX2405,8596.0,8662.0,8670.0,8540.0,0,44181,8592.0,8606.0,8570.0,84592,9428.0,7712.0,8592,5,0.008147113594040968,0.008398088242118443,0.01024032193303037,0.01118978537992483,0.01118978537992483,0.01005671551349806,0.004981027455914003
2024-01-24,PX2405,8646.0,8730.0,8754.0,8634.0,0,59445,8662.0,8684.0,8606.0,92616,9468.0,7744.0,8658,5,0.007850380974370815,0.008535821346325577,0.01006197874794787,0.01116915075239823,0.01116915075239823,0.0100482072049843,0.004724509511606011
2024-01-25,PX2405,8720.0,8610.0,8750.0,8600.0,0,89796,8730.0,8664.0,8684.0,90362,9554.0,7814.0,8670,5,-0.01374570446735395,0.008640368227951452,0.01006950906326991,0.01114515257315554,0.01114515257315554,0.01006824508517363,0.002957459576471964
2024-01-26,PX2405,8620.0,8670.0,8748.0,8620.0,0,71550,8610.0,8672.0,8664.0,90241,9532.0,7796.0,8678,5,0.006968641114982578,0.008835786147925033,0.01034892878373344,0.01116429782129786,0.01116429782129786,0.01020647111304246,0.00989830190861824
2024-01-29,PX2405,8670.0,8660.0,8718.0,8610.0,0,45824,8670.0,8662.0,8672.0,87156,9540.0,7804.0,8680,5,-0.001153402537485583,0.008954676641625957,0.009786817969080402,0.01113370299286785,0.01113370299286785,0.01018286543830153,0.009282816065361365
2024-01-30,PX2405,8660.0,8654.0,8670.0,8592.0,0,38583,8660.0,8632.0,8662.0,85493,9530.0,7794.0,8630,5,-0.0006928406466512702,0.008666900216886719,0.009469492636600532,0.01107098581421091,0.01107098581421091,0.01018359452247091,0.009405121460188366
2024-01-31,PX2405,8636.0,8598.0,8670.0,8550.0,0,50904,8654.0,8594.0,8632.0,85960,9496.0,7768.0,8612,5,-0.006470996071180957,0.008652151548815252,0.009426441615230848,0.01100936372904669,0.01100936372904669,0.01016441164629849,0.008672164010877448
2024-02-01,PX2405,8598.0,8462.0,8602.0,8450.0,0,58129,8598.0,8518.0,8594.0,87450,9454.0,7734.0,8564,5,-0.01581763200744359,0.008419909634537757,0.009500371291568504,0.01096343555126997,0.01096343555126997,0.01018720659786637,0.007675006706497575
2024-02-02,PX2405,8462.0,8412.0,8480.0,8366.0,0,49383,8462.0,8424.0,8518.0,86048,9370.0,7666.0,8420,5,-0.00590876861262113,0.009173324228165311,0.009847109525894324,0.01101024892535245,0.01101024892535245,0.01029724885683246,0.008418843530191619
2024-02-05,PX2405,8410.0,8404.0,8438.0,8360.0,0,35129,8412.0,8394.0,8424.0,84084,9268.0,7580.0,8372,5,-0.0009510223490252021,0.009206344383379361,0.009863774500377906,0.01096147908945553,0.01096147908945553,0.01023397753608355,0.006088331569002201
2024-02-06,PX2405,8392.0,8454.0,8478.0,8372.0,0,30981,8404.0,8424.0,8394.0,82010,9234.0,7554.0,8412,5,0.005949547834364588,0.007749577078864164,0.009785314428077427,0.01090307262748374,0.01090307262748374,0.01019495731006878,0.006129215584460472
2024-02-07,PX2405,8466.0,8476.0,8508.0,8436.0,0,31497,8454.0,8472.0,8424.0,81923,9268.0,7580.0,8480,5,0.002602318429145966,0.007332981418766467,0.00982631820582191,0.0108706454980715,0.0108706454980715,0.01021094613201193,0.007994511506179287
2024-02-08,PX2405,8488.0,8480.0,8550.0,8456.0,0,35348,8476.0,8500.0,8472.0,79641,9320.0,7624.0,8478,5,0.0004719207173194903,0.007275734620782024,0.009827430767859156,0.01082080558724796,0.01082080558724796,0.01020553869201568,0.008489381345838801
2024-02-19,PX2405,8546.0,8550.0,8628.0,8530.0,0,36955,8480.0,8586.0,8500.0,83047,9350.0,7650.0,8546,5,0.008254716981132075,0.007268874748712074,0.008820136007413033,0.0107661627617943,0.0107661627617943,0.0101903047590117,0.004395261769085363
2024-02-20,PX2405,8570.0,8506.0,8594.0,8460.0,0,44176,8550.0,8544.0,8586.0,85290,9446.0,7726.0,8580,5,-0.005146198830409357,0.007366606852876498,0.008841029719351698,0.01075275344052342,0.01075275344052342,0.01023804124271404,0.003811802545590375
2024-02-21,PX2405,8486.0,8522.0,8582.0,8460.0,0,49907,8506.0,8518.0,8544.0,85751,9400.0,7688.0,8478,5,0.001881025158711498,0.00749297957353568,0.008474913829557862,0.01070611302157203,0.01070611302157203,0.01011743971555577,0.005185967582890792
2024-02-22,PX2405,8520.0,8592.0,8620.0,8500.0,0,46061,8522.0,8572.0,8518.0,89911,9370.0,7666.0,8574,5,0.008214034264257217,0.007216530310468098,0.008402023294116885,0.01065657683192034,0.01065657683192034,0.01008287940743022,0.004799787061925121
2024-02-23,PX2405,8578.0,8550.0,8648.0,8532.0,0,56402,8592.0,8596.0,8572.0,91163,9430.0,7714.0,8610,5,-0.004888268156424581,0.007400203507642505,0.008486124655814902,0.01064346554625109,0.01064346554625109,0.009876363995615228,0.005666815416191455
2024-02-26,PX2405,8540.0,8488.0,8590.0,8478.0,0,54079,8550.0,8532.0,8596.0,90847,9456.0,7736.0,8548,5,-0.007251461988304094,0.007432996270622771,0.007880309486123203,0.01059816394750191,0.01059816394750191,0.009779081067139062,0.00662756781954985
2024-02-27,PX2405,8488.0,8598.0,8608.0,8466.0,0,48334,8488.0,8538.0,8532.0,92953,9386.0,7678.0,8508,5,0.01295947219604147,0.007200816830068191,0.00770751742214143,0.01056429247850757,0.01056429247850757,0.009803161202931869,0.006395879972643997
2024-02-28,PX2405,8594.0,8596.0,8660.0,8572.0,0,51613,8598.0,8616.0,8538.0,92809,9392.0,7684.0,8624,5,-0.0002326122354035822,0.00777167567935409,0.007986702524557132,0.01060224712991083,0.01060224712991083,0.009214220156564555,0.008538278843455614
2024-02-29,PX2405,8600.0,8606.0,8638.0,8554.0,0,45740,8596.0,8598.0,8616.0,96764,9478.0,7754.0,8600,5,0.00116333178222429,0.00753523026427548,0.007960961934530721,0.01055186544615298,0.01055186544615298,0.009195934471890797,0.008608994651673243
2024-03-01,PX2405,8612.0,8562.0,8620.0,8520.0,0,42730,8606.0,8562.0,8598.0,96633,9458.0,7738.0,8548,5,-0.005112712061352545,0.007296541538056247,0.007946152799558924,0.01050393707234607,0.01050393707234607,0.009195383822311836,0.00782977350028706
2024-03-04,PX2405,8588.0,8520.0,8650.0,8492.0,0,80857,8562.0,8572.0,8562.0,97035,9420.0,7704.0,8588,5,-0.004905395935529082,0.006715763538661726,0.007746522556460951,0.0104625295800943,0.0104625295800943,0.009221375472958294,0.007867864203163523
2024-03-05,PX2405,8520.0,8360.0,8522.0,8350.0,0,100914,8520.0,8420.0,8572.0,110687,9430.0,7714.0,8436,5,-0.0187793427230047,0.006566467249448186,0.007763006440287621,0.01042084707210395,0.01042084707210395,0.00908609198435547,0.007357980298407164
2024-03-06,PX2405,8372.0,8416.0,8448.0,8362.0,0,79788,8360.0,8402.0,8420.0,93218,9262.0,7578.0,8404,5,0.006698564593301435,0.007694924326515198,0.008164199305928335,0.01051065788947747,0.01051065788947747,0.00938230148818403,0.007889279990086004
2024-03-07,PX2405,8416.0,8378.0,8430.0,8360.0,0,38111,8416.0,8396.0,8402.0,97689,9244.0,7560.0,8402,5,-0.004515209125475285,0.007921668177097635,0.008229461218503403,0.01048928740135269,0.01048928740135269,0.009416958194505883,0.009505670259372875
2024-03-08,PX2405,8344.0,8334.0,8368.0,8306.0,0,79231,8378.0,8332.0,8396.0,109221,9236.0,7556.0,8334,5,-0.005251850083552161,0.007867184023473339,0.008091405305704253,0.01044696569329007,0.01044696569329007,0.008986650548113671,0.009034134087655205
2024-03-11,PX2405,8308.0,8316.0,8362.0,8266.0,0,56632,8334.0,8308.0,8332.0,110481,9166.0,7498.0,8300,5,-0.002159827213822894,0.007161695107074333,0.008125411549216482,0.01040750495054403,0.01040750495054403,0.008816277003947859,0.009033539375910421
2024-03-12,PX2405,8320.0,8322.0,8380.0,8302.0,0,49543,8316.0,8336.0,8308.0,110961,9140.0,7476.0,8342,5,0.0007215007215007215,0.007067662248100721,0.008102216455188993,0.01036178286510797,0.01036178286510797,0.008798938263843266,0.00915006537689165
2024-03-13,PX2405,8318.0,8324.0,8350.0,8292.0,0,41579,8322.0,8322.0,8336.0,108903,9170.0,7502.0,8318,5,0.0002403268445085316,0.00707256001972999,0.007331580907420712,0.01031772730642099,0.01031772730642099,0.008798935337033366,0.004846724149934155
2024-03-14,PX2405,8372.0,8458.0,8464.0,8320.0,0,80252,8324.0,8394.0,8322.0,97561,9156.0,7488.0,8332,5,0.01609802979336857,0.006913401184515785,0.007096699086913371,0.01027357265535449,0.01027357265535449,0.008782355729038334,0.002700264499867169
2024-03-15,PX2405,8480.0,8520.0,8558.0,8460.0,0,83699,8458.0,8516.0,8394.0,86857,9234.0,7554.0,8540,5,0.007330338141404587,0.007852812755652867,0.007490755969061728,0.01035246574243301,0.01035246574243301,0.008987780475664502,0.00826671323295133
2024-03-18,PX2405,8510.0,8522.0,8536.0,8436.0,0,51885,8520.0,8494.0,8516.0,81513,9368.0,7664.0,8472,5,0.0002347417840375587,0.008025886127774627,0.007567431378635158,0.01033650573947383,0.01033650573947383,0.008975946343998346,0.007404149842109305
2024-03-19,PX2405,8520.0,8562.0,8580.0,8508.0,0,47707,8522.0,8548.0,8494.0,78883,9344.0,7644.0,8546,5,0.004693733865289838,0.007802989505291288,0.007517202413059223,0.01029315194511901,0.01029315194511901,0.008975614688870365,0.006932465961469624
2024-03-20,PX2405,8582.0,8462.0,8582.0,8460.0,0,40853,8562.0,8512.0,8548.0,78415,9404.0,7692.0,8530,5,-0.0116795141322121,0.007780580046296427,0.007544454029784938,0.01026254116477278,0.01026254116477278,0.00898854469311953,0.006547228182339129
2024-03-21,PX2405,8418.0,8330.0,8418.0,8302.0,0,73650,8462.0,8348.0,8512.0,74141,9364.0,7660.0,8340,5,-0.01559914913731978,0.008219263498440462,0.007645910007271168,0.01026693976005284,0.01026693976005284,0.00845915163035917,0.01019498710928601
2024-03-22,PX2405,8326.0,8344.0,8368.0,8308.0,0,34904,8330.0,8336.0,8348.0,74512,9184.0,7512.0,8326,5,0.001680672268907563,0.008632210655008453,0.008036582205577038,0.01031012670362915,0.01031012670362915,0.008679394294236994,0.01012972639154679
2024-03-25,PX2405,8372.0,8358.0,8424.0,8348.0,0,51697,8344.0,8382.0,8336.0,72547,9170.0,7502.0,8362,5,0.001677852348993289,0.008621941075591647,0.007989716826516101,0.01027077296150378,0.01027077296150378,0.008385841958914854,0.008933219349431136
2024-03-26,PX2405,8384.0,8374.0,8458.0,8368.0,0,44208,8358.0,8414.0,8382.0,68552,9222.0,7542.0,8440,5,0.00191433357262503,0.008521788743064891,0.007788726530131937,0.01023185740196546,0.01023185740196546,0.00833250193799359,0.009130779831836706
2024-03-27,PX2405,8418.0,8430.0,8476.0,8404.0,0,41874,8374.0,8444.0,8414.0,65123,9256.0,7572.0,8438,5,0.006687365655600669,0.007924434262282891,0.007777376516694809,0.01019390108313447,0.01019390108313447,0.008334460462649584,0.008546899050907612
2024-03-28,PX2405,8424.0,8478.0,8510.0,8400.0,0,35291,8430.0,8464.0,8444.0,63000,9290.0,7598.0,8460,5,0.005693950177935943,0.008121609160561602,0.00773854669135468,0.01017610793154223,0.01017610793154223,0.007946037000504298,0.008583566836881551
2024-03-29,PX2405,8504.0,8444.0,8520.0,8424.0,0,33151,8478.0,8472.0,8464.0,58574,9312.0,7616.0,8482,5,-0.004010379806558151,0.00824569208594664,0.007685142841472924,0.01015271551193658,0.01016976306221659,0.007817860184919324,0.002455222838864311
2024-04-01,PX2405,8460.0,8528.0,8550.0,8428.0,0,35019,8444.0,8500.0,8472.0,55527,9320.0,7624.0,8450,5,0.00994789199431549,0.008218399459243542,0.007410760159192366,0.01011643597159721,0.01011615259764438,0.007831699500946646,0.004215497551128313
2024-04-02,PX2409,8522.142857142857,8619.761904761905,8629.52380952381,8490.904761904761,0,46830,8528.0,8565.095238095239,8494.809523809523,74613,9346.047619047618,7643.571428571428,8726,5,0.01076007326007324,0.00848160902029119,0.007501745818884844,0.01012208715406685,0.01016012633069817,0.00792151044882537,0.005337933513404111
2024-04-03,PX2409,8637.333333333334,8608.047619047618,8684.190476190475,8567.047619047618,0,71172,8619.761904761905,8619.761904761905,8565.095238095239,81335,9422.190476190475,7708.0,8830,5,-0.001359003397508554,0.007544623251369478,0.00770423105081133,0.01013385362855701,0.01021040415268201,0.00802754514654504,0.005891695553484217
2024-04-08,PX2409,8561.190476190475,8528.0,8572.904761904761,8471.380952380952,0,40803,8608.047619047618,8526.047619047618,8619.761904761905,79488,9482.714285714286,7756.809523809524,8770,5,-0.009299160807439248,0.007470452395014433,0.007706293035930069,0.01009494839962315,0.01007698098672482,0.007880970640503615,0.006644873105678409
2024-04-09,PX2409,8541.666666666666,8467.47619047619,8600.238095238095,8451.857142857143,0,57880,8528.0,8520.190476190475,8526.047619047618,80225,9123.47619047619,7928.619047619048,8754,5,-0.007097069597069556,0.007733529967808094,0.007778838837941413,0.01008389078764788,0.01007048963706347,0.00795631110983185,0.00882962680486576
2024-04-10,PX2409,8477.238095238095,8471.380952380952,8520.190476190475,8459.666666666666,0,39996,8467.47619047619,8492.857142857143,8520.190476190475,81357,9117.619047619048,7922.761904761905,8690,5,0.0004611482591652705,0.007821492833751218,0.007444187767178118,0.01006042015292942,0.01005536905789036,0.007913332296862178,0.00937664233493855
2024-04-11,PX2409,8471.380952380952,8418.666666666666,8494.809523809523,8406.95238095238,0,59187,8471.380952380952,8444.047619047618,8492.857142857143,77212,9088.333333333334,7897.380952380952,8662,5,-0.006222631942844035,0.007790767400224039,0.007381465752887852,0.01002317125243163,0.009871034600035432,0.007904563711579589,0.0078444701828657
2024-04-12,PX2409,8420.619047619048,8403.047619047618,8459.666666666666,8365.95238095238,0,49897,8418.666666666666,8406.95238095238,8444.047619047618,76164,9035.619047619048,7852.47619047619,8596,5,-0.001855287569573294,0.007954728142803198,0.007449336660453784,0.009996426151141581,0.009870029434118304,0.007829139529917312,0.004093173725097913
2024-04-15,PX2409,8426.47619047619,8477.238095238095,8510.42857142857,8403.047619047618,0,65170,8403.047619047618,8467.47619047619,8406.95238095238,77153,8996.571428571428,7817.333333333333,8644,5,0.008828996282527984,0.007973601071675615,0.007393409037357436,0.009959681992518612,0.00986616870161643,0.007831205752535675,0.003996681024424674
2024-04-16,PX2409,8477.238095238095,8567.047619047618,8639.285714285714,8467.47619047619,0,109741,8477.238095238095,8543.619047619048,8467.47619047619,82472,9061.0,7873.952380952381,8698,5,0.01059419622293863,0.00736800259705872,0.00751681355266585,0.009957684965284555,0.009138587553594054,0.00790020192726651,0.006398616863900568
2024-04-17,PX2409,8563.142857142857,8553.380952380952,8608.047619047618,8524.095238095239,0,57665,8567.047619047618,8567.047619047618,8543.619047619048,81575,9143.0,7944.238095238095,8774,5,-0.001595259799452983,0.00756905759002202,0.007700179181420175,0.00996874098917089,0.009102683989466242,0.007502943070115616,0.007153421391000924
2024-04-18,PX2409,8553.380952380952,8410.857142857143,8553.380952380952,8383.52380952381,0,84993,8553.380952380952,8453.809523809523,8567.047619047618,73963,9168.380952380952,7965.714285714285,8650,5,-0.0166628623601917,0.00758097335773761,0.007595539989054954,0.009932823336686443,0.009092724594500425,0.007352683435244127,0.007346490856212004
2024-04-19,PX2409,8405.0,8416.714285714286,8529.95238095238,8348.380952380952,0,97234,8410.857142857143,8434.285714285714,8453.809523809523,71202,9047.333333333334,7860.285714285714,8592,5,0.0006963788300835964,0.008378496886417395,0.008004365228255558,0.009988063157147349,0.009186673777421406,0.007638921621552948,0.01088267909147472
2024-04-22,PX2409,8414.761904761905,8424.52380952381,8453.809523809523,8379.619047619048,0,45689,8416.714285714286,8420.619047619048,8434.285714285714,76971,9025.857142857143,7842.714285714285,8614,5,0.0009278589654371505,0.007984871891526949,0.007998468117636196,0.009953187387773227,0.009185721426496016,0.007638656647594765,0.01084177049306935
2024-04-23,PX2409,8412.809523809523,8375.714285714286,8440.142857142857,8375.714285714286,0,41652,8424.52380952381,8405.0,8420.619047619048,76048,9010.238095238095,7831.0,8632,5,-0.00579374275782145,0.007119799052549229,0.007882200909250908,0.00991894673190042,0.009176355777215935,0.007603268350067609,0.009829587079816054
2024-04-24,PX2409,8365.95238095238,8373.761904761905,8420.619047619048,8326.904761904761,0,43536,8375.714285714286,8379.619047619048,8405.0,77893,8994.619047619048,7815.380952380952,8600,5,-0.0002331002331003158,0.007254346682822792,0.007896526845518871,0.009892658900614127,0.009149708393153357,0.007639678654556437,0.007323070822352787
2024-04-25,PX2409,8377.666666666666,8278.095238095239,8387.42857142857,8244.904761904761,0,71471,8373.761904761905,8307.380952380952,8379.619047619048,84531,8967.285714285714,7791.952380952381,8544,5,-0.01142457449288871,0.00724664211567587,0.00781990785831705,0.009858150592111287,0.009128839840011033,0.007542049237543635,0.007481107103309605
2024-04-26,PX2409,8291.761904761905,8311.285714285714,8330.809523809523,8254.666666666666,0,40973,8278.095238095239,8295.666666666666,8307.380952380952,84007,8889.190476190475,7725.571428571428,8482,5,0.004009433962264036,0.007673954966661468,0.007708694059069662,0.009862931433543774,0.009183093944694838,0.007674513579575914,0.005370955119056841
2024-04-29,PX2409,8326.904761904761,8282.0,8356.190476190475,8266.380952380952,0,43137,8311.285714285714,8305.42857142857,8295.666666666666,84420,8877.47619047619,7713.857142857142,8520,5,-0.003523608174770903,0.007563640573976605,0.007747453287956222,0.009837382741354933,0.009189631104363863,0.007659273647602684,0.006118793048518186
2024-04-30,PX2409,8326.904761904761,8266.380952380952,8326.904761904761,8256.619047619048,0,33688,8282.0,8283.95238095238,8305.42857142857,83016,8971.190476190475,7639.666666666666,8484,5,-0.001885902876001896,0.007434431496948499,0.007752247590503768,0.0098060179722134,0.009142972110749065,0.007535340421668936,0.00581093383527728
2024-05-06,PX2409,8178.523809523809,8160.952380952381,8201.95238095238,8135.571428571428,0,39227,8266.380952380952,8160.952380952381,8283.95238095238,92605,8947.761904761905,7620.142857142857,8378,5,-0.01275389702409071,0.007406423437226888,0.007724340269615443,0.009772929355606808,0.008853319970227811,0.007523525505014604,0.005668383069650712
2024-05-07,PX2409,8168.761904761905,8205.857142857143,8213.666666666666,8162.904761904761,0,36528,8160.952380952381,8188.285714285714,8160.952380952381,96388,8733.0,7588.904761904761,8374,5,0.005502392344497667,0.007373949830425331,0.00792704862191475,0.009787928677868816,0.008895347965377054,0.007592764751052831,0.006970982119055922
2024-05-08,PX2409,8190.238095238095,8147.285714285714,8211.714285714286,8147.285714285714,0,42064,8205.857142857143,8178.523809523809,8188.285714285714,103808,8762.285714285714,7614.285714285714,8380,5,-0.007137758743754555,0.006971405905753969,0.007449508848997914,0.009769493877570866,0.008893164142327862,0.007554702945429997,0.007245968574328877
2024-05-09,PX2409,8110.190476190476,8147.285714285714,8190.238095238095,8104.333333333333,0,46154,8147.285714285714,8147.285714285714,8178.523809523809,104684,8752.52380952381,7604.523809523809,8372,5,0.0,0.007043870952950054,0.007430844693456298,0.009749831505936776,0.008900749353352232,0.007418894553995668,0.006735353754435416
2024-05-10,PX2409,8151.190476190476,8162.904761904761,8176.571428571428,8037.952380952381,0,86890,8147.285714285714,8116.047619047619,8147.285714285714,115039,8719.333333333334,7575.238095238095,8298,5,0.001917086029235461,0.00689223628827812,0.007406967260902722,0.009717834898479353,0.008862136833707025,0.00735210098747108,0.006972557506778927
2024-05-13,PX2409,8151.190476190476,8114.095238095238,8180.47619047619,8088.714285714285,0,76436,8162.904761904761,8129.714285714285,8116.047619047619,114775,8684.190476190475,7547.904761904761,8344,5,-0.005979430758191715,0.006853782159250214,0.007379969013489714,0.009688681124804156,0.008863777446047,0.007360969571419724,0.007356119693007145
2024-05-14,PX2409,8129.714285714285,8104.333333333333,8166.809523809524,8086.761904761905,0,62821,8114.095238095238,8125.809523809524,8129.714285714285,116944,8699.809523809523,7559.619047619048,8340,5,-0.00120307988450431,0.006892771672327205,0.00742666771634741,0.00966537199785159,0.008868824269821789,0.007388522148451672,0.005342282986051399
2024-05-15,PX2409,8094.571428571428,8145.333333333333,8155.095238095238,8069.190476190476,0,61777,8104.333333333333,8116.047619047619,8125.809523809524,121695,8695.904761904761,7555.714285714285,8284,5,0.005059021922428331,0.006826964015056672,0.007424204647209697,0.009633952184932399,0.008864154368708969,0.007355284765870735,0.003906917603735153
2024-05-16,PX2409,8123.857142857142,8194.142857142857,8198.047619047618,8108.238095238095,0,77073,8145.333333333333,8162.904761904761,8116.047619047619,120942,8684.190476190475,7547.904761904761,8358,5,0.005992329817833179,0.007001056680823359,0.00747768209082603,0.0096151189241746,0.008826000205612064,0.007140014772821461,0.0040761929125544
2024-05-17,PX2409,8194.142857142857,8244.904761904761,8258.571428571428,8188.285714285714,0,66210,8194.142857142857,8225.380952380952,8162.904761904761,115845,8734.95238095238,7590.857142857142,8418,5,0.006194901119847489,0.006806107920760095,0.007061112252179039,0.009600360035451913,0.008794423853879192,0.007154179956354632,0.004890872651121944
2024-05-20,PX2409,8268.333333333334,8336.666666666666,8350.333333333334,8242.95238095238,0,62213,8244.904761904761,8301.52380952381,8225.380952380952,106209,8801.333333333334,7649.428571428572,8490,5,0.01112952877101584,0.006450523783750384,0.00702993679204039,0.009586503343752318,0.008791098788439974,0.00720165148925667,0.005404251364869847
2024-05-21,PX2409,8317.142857142857,8299.571428571428,8379.619047619048,8278.095238095239,0,68183,8336.666666666666,8326.904761904761,8301.52380952381,96583,8883.333333333334,7719.714285714285,8552,5,-0.004449648711943846,0.007078583364482571,0.007277590143468554,0.009603491754747838,0.008841946813444163,0.007302756409294349,0.004402305849586095
2024-05-22,PX2409,8274.190476190475,8293.714285714286,8336.666666666666,8268.333333333334,0,38835,8299.571428571428,8303.47619047619,8326.904761904761,96036,8910.666666666666,7743.142857142857,8514,5,-0.0007057163020463895,0.006144960440033122,0.007253065888404037,0.00957757210967999,0.008845149206486986,0.007313217901576793,0.005680060219163614
2024-05-23,PX2409,8299.571428571428,8256.619047619048,8326.904761904761,8223.42857142857,0,46887,8293.714285714286,8276.142857142857,8303.47619047619,97618,8885.285714285714,7721.666666666666,8486,5,-0.004472693032015118,0.00613681088012024,0.007033359872336622,0.009547600383129993,0.008835678405838751,0.007312698640231805,0.006174167654480762
2024-05-24,PX2409,8283.95238095238,8321.047619047618,8334.714285714286,8278.095238095239,0,50676,8256.619047619048,8315.190476190475,8276.142857142857,98683,8856.0,7696.285714285714,8496,5,0.007803263182785434,0.006179253097629732,0.006628356055419512,0.009522204847079302,0.008842395699900195,0.007247330688512057,0.006904686356960872
2024-05-27,PX2409,8328.857142857143,8395.238095238095,8408.904761904761,8324.95238095238,0,80346,8321.047619047618,8379.619047619048,8315.190476190475,102002,8898.95238095238,7731.428571428572,8584,5,0.008916001877053131,0.006367786234956776,0.006742600788341198,0.009516950013739875,0.008786597629954162,0.007297702975066751,0.007206665395018359
2024-05-28,PX2409,8395.238095238095,8346.42857142857,8424.52380952381,8340.571428571428,0,54618,8395.238095238095,8381.571428571428,8379.619047619048,95428,8967.285714285714,7791.952380952381,8582,5,-0.005813953488372207,0.006693743959732036,0.006885677613871702,0.009517995370698003,0.008802260154299328,0.007385264171435724,0.006531296856408686
2024-05-29,PX2409,8356.190476190475,8399.142857142857,8412.809523809523,8334.714285714286,0,46524,8346.42857142857,8379.619047619048,8381.571428571428,92163,8969.238095238095,7793.904761904761,8580,5,0.006315789473684274,0.006288456000568975,0.006942639485330401,0.009497149967591748,0.008665875363182253,0.007338476705350689,0.006858053615032415
2024-05-30,PX2409,8391.333333333334,8494.809523809523,8537.761904761905,8381.571428571428,0,140763,8399.142857142857,8465.52380952381,8379.619047619048,93818,8967.285714285714,7791.952380952381,8604,5,0.01139005113900504,0.006378060685267358,0.006933624083378364,0.009484290372915281,0.008621785604441518,0.007364495754266171,0.007098905887477427
2024-05-31,PX2409,8483.095238095239,8432.333333333334,8498.714285714286,8403.047619047618,0,77279,8494.809523809523,8455.761904761905,8465.52380952381,92773,9059.047619047618,7872.0,8674,5,-0.007354631119282751,0.00673891802044302,0.007111220327821232,0.009502066021000009,0.008675076964202014,0.007452851814786395,0.006709897851317345
2024-06-03,PX2409,8463.571428571428,8321.047619047618,8469.42857142857,8299.571428571428,0,72594,8432.333333333334,8364.0,8455.761904761905,87380,9049.285714285714,7862.238095238095,8572,5,-0.01319749942116246,0.006981197468579106,0.007179802148401609,0.009487661251508954,0.008294633580801989,0.007323197347784308,0.008671968859981474
2024-06-04,PX2409,8323.0,8239.047619047618,8342.52380952381,8194.142857142857,0,76699,8321.047619047618,8252.714285714286,8364.0,90993,8949.714285714286,7778.285714285714,8488,5,-0.00985452839042703,0.007027802746895046,0.007288588895956581,0.009508140667901444,0.008369371099154034,0.007501765596727699,0.01020648254122097
2024-06-05,PX2409,8231.238095238095,8239.047619047618,8285.904761904761,8213.666666666666,0,61727,8239.047619047618,8244.904761904761,8252.714285714286,94731,8830.619047619048,7674.809523809524,8440,5,0.0,0.007341386973515081,0.007193802902802971,0.009505540651513699,0.008414618992471257,0.007590547175327055,0.01075565693141045
2024-06-06,PX2409,8274.190476190475,8239.047619047618,8276.142857142857,8221.47619047619,0,49713,8239.047619047618,8246.857142857143,8244.904761904761,95805,8822.809523809523,7667.0,8446,5,0.0,0.007135092375657672,0.007195773758233401,0.009477750938776102,0.008414620791105339,0.007569508211029888,0.009782424421344218
2024-06-07,PX2409,8239.047619047618,8297.619047619048,8321.047619047618,8219.52380952381,0,58955,8239.047619047618,8280.047619047618,8246.857142857143,97722,8824.761904761905,7668.952380952381,8488,5,0.007109004739336588,0.007135092375657672,0.00707222955510823,0.009450203537655605,0.008333790298700664,0.007549520333484823,0.005925861502818793
2024-06-11,PX2409,8346.42857142857,8375.714285714286,8375.714285714286,8301.52380952381,0,49261,8297.619047619048,8340.571428571428,8280.047619047618,96582,8859.904761904761,7700.190476190476,8550,5,0.009411764705882406,0.007279128642179739,0.007106416284699734,0.009441924204656468,0.008346595187593083,0.007236821059776861,0.008230851599572608
2024-06-12,PX2409,8367.904761904761,8395.238095238095,8408.904761904761,8350.333333333334,0,52238,8375.714285714286,8383.52380952381,8340.571428571428,91788,8926.285714285714,7754.857142857142,8580,5,0.002331002331002289,0.007333174389381592,0.007275768999209019,0.009446170672742846,0.008387771613749328,0.007285797833234157,0.00753895283014188
2024-06-13,PX2409,8416.714285714286,8356.190476190475,8432.333333333334,8336.666666666666,0,52737,8395.238095238095,8379.619047619048,8383.52380952381,87781,8971.190476190475,7795.857142857142,8582,5,-0.004651162790697809,0.00730425513854328,0.007221466436341441,0.009421790666740553,0.008140688314766562,0.007269161581156155,0.004285877252949355
2024-06-14,PX2409,8367.904761904761,8350.333333333334,8393.285714285714,8332.761904761905,0,42641,8356.190476190475,8367.904761904761,8379.619047619048,86401,8967.285714285714,7791.952380952381,8570,5,-0.0007009345794390658,0.007397660661093297,0.007252907715632055,0.009399571899267904,0.008044455047472124,0.007262474495001281,0.005609248865123729
2024-06-17,PX2409,8362.047619047618,8246.857142857143,8373.761904761905,8237.095238095239,0,63019,8350.333333333334,8291.761904761905,8367.904761904761,89343,8955.571428571428,7780.238095238095,8516,5,-0.01239186345569328,0.007325481331287386,0.007106654580794024,0.00937283058496442,0.008032845817980003,0.007257579943202856,0.005705900847064131
2024-06-18,PX2409,8268.333333333334,8260.52380952381,8338.619047619048,8254.666666666666,0,42040,8246.857142857143,8291.761904761905,8291.761904761905,85893,8873.571428571428,7709.952380952381,8530,5,0.001657196969696896,0.007791892794695897,0.007128115322533738,0.009387211081266299,0.008109468221185306,0.007425323733309652,0.008100847576987051
2024-06-19,PX2409,8268.333333333334,8352.285714285714,8387.42857142857,8268.333333333334,0,52331,8260.52380952381,8338.619047619048,8291.761904761905,85295,8873.571428571428,7709.952380952381,8538,5,0.0111084849917277,0.007358213260718442,0.007138839490039416,0.00936257747308662,0.008101470328084549,0.007428567879971603,0.006041907462280178
2024-06-20,PX2409,8365.95238095238,8373.761904761905,8393.285714285714,8330.809523809523,0,41276,8352.285714285714,8364.0,8338.619047619048,85565,8922.380952380952,7754.857142857142,8544,5,0.002571294997662501,0.007724500095898696,0.006907811041127664,0.009378247744151533,0.00815005017674374,0.007278226517742532,0.008614972330370922
2024-06-21,PX2409,8383.52380952381,8336.666666666666,8412.809523809523,8334.714285714286,0,49772,8373.761904761905,8373.761904761905,8364.0,85445,8949.714285714286,7778.285714285714,8594,5,-0.00442993704826305,0.007735787361989788,0.00692006143479652,0.009355321699468672,0.008120554083318703,0.007223580042597862,0.008452789775474598
2024-06-24,PX2409,8336.666666666666,8375.714285714286,8385.47619047619,8303.47619047619,0,50598,8336.666666666666,8344.47619047619,8373.761904761905,82760,8961.42857142857,7786.095238095238,8522,5,0.004683840749414655,0.007734344026803437,0.006951348140867401,0.009333577599227474,0.008130393184592742,0.007242423282262051,0.008739250261565013
2024-06-25,PX2409,8375.714285714286,8442.095238095239,8451.857142857143,8338.619047619048,0,70637,8375.714285714286,8393.285714285714,8344.47619047619,84682,8930.190476190475,7758.761904761905,8590,5,0.007925407925407914,0.007610001127853613,0.006934033785161812,0.00931641393984758,0.008138254970311403,0.007242312856990236,0.005605887374847665
2024-06-26,PX2409,8436.238095238095,8397.190476190475,8453.809523809523,8324.95238095238,0,66975,8442.095238095239,8375.714285714286,8393.285714285714,80181,8980.95238095238,7805.619047619048,8560,5,-0.005319148936170377,0.007554369518413035,0.007045389573244364,0.00931252466201724,0.007815716711971253,0.007167289924709159,0.005891112304206993
2024-06-27,PX2409,8397.190476190475,8389.380952380952,8401.095238095239,8352.285714285714,0,37243,8397.190476190475,8379.619047619048,8375.714285714286,80046,8963.380952380952,7788.047619047619,8596,5,-0.0009300162752847144,0.007534056829664428,0.006849904635541491,0.009293590315795767,0.007819244750439056,0.006919436449448192,0.005774503313020016
2024-06-28,PX2409,8405.0,8447.95238095238,8475.285714285714,8391.333333333334,0,59918,8389.380952380952,8438.190476190475,8379.619047619048,84707,8967.285714285714,7791.952380952381,8632,5,0.00698161508028845,0.007404174172841939,0.006827284135427627,0.009268460890950524,0.007656425512057406,0.006917945743966579,0.005761683344350803
2024-07-01,PX2409,8449.904761904761,8440.142857142857,8467.47619047619,8401.095238095239,0,35418,8447.95238095238,8422.571428571428,8438.190476190475,83795,9029.761904761905,7846.619047619048,8636,5,-0.0009244280101686057,0.007105850812292769,0.006879993197479561,0.009260359128088856,0.007650536896998085,0.006969417349103878,0.005635856096255593
2024-07-02,PX2409,8440.142857142857,8446.0,8461.619047619048,8393.285714285714,0,43231,8440.142857142857,8430.380952380952,8422.571428571428,85083,9012.190476190475,7832.952380952381,8632,5,0.0006939625260236255,0.006910377837206951,0.006873051000583207,0.009235593612931327,0.007650567165709755,0.006967290938399262,0.005692246821155818
2024-07-03,PX2409,8467.47619047619,8559.238095238095,8561.190476190475,8446.0,0,93418,8446.0,8504.571428571428,8430.380952380952,92838,9021.95238095238,7838.809523809524,8674,5,0.01340730466944061,0.00616464845423338,0.006526085879851866,0.009211489675668563,0.007419921966890155,0.00691731004061789,0.004449353275358758
2024-07-04,PX2409,8539.714285714286,8455.761904761905,8565.095238095239,8447.95238095238,0,84089,8559.238095238095,8514.333333333334,8504.571428571428,85742,9100.047619047618,7909.095238095238,8752,5,-0.0120894160583942,0.006249711269231986,0.006784249536249396,0.009243177788660807,0.007432832393784942,0.007084981310205566,0.006260057578109026
2024-07-05,PX2409,8447.95238095238,8377.666666666666,8485.047619047618,8375.714285714286,0,60936,8455.761904761905,8420.619047619048,8514.333333333334,79290,9111.761904761905,7916.904761904761,8632,5,-0.009235742322789245,0.006987017383044984,0.006980330435474183,0.00925666327286213,0.007510008878981568,0.007233537214566734,0.009525846732406073
2024-07-08,PX2409,8414.761904761905,8354.238095238095,8422.571428571428,8344.47619047619,0,46219,8377.666666666666,8373.761904761905,8420.619047619048,77259,9010.238095238095,7831.0,8600,5,-0.002796550920531252,0.007373518717889365,0.007163028770096027,0.009253439603222195,0.007546299589971982,0.007213814031143712,0.00999081910274401
2024-07-09,PX2409,8358.142857142857,8323.0,8360.095238095239,8301.52380952381,0,37371,8354.238095238095,8326.904761904761,8373.761904761905,76809,8961.42857142857,7786.095238095238,8530,5,-0.003739191399859801,0.007263568945205058,0.007181618838348279,0.009230617070860016,0.007545604182491904,0.007080859003745581,0.009992862007738695
2024-07-10,PX2409,8323.0,8280.047619047618,8336.666666666666,8266.380952380952,0,39330,8323.0,8297.619047619048,8326.904761904761,74085,8910.666666666666,7743.142857142857,8510,5,-0.005160684963640712,0.006991671033523902,0.007137557229878094,0.00920934308754499,0.007470504155709574,0.007092010104572865,0.009889763610787295
2024-07-11,PX2409,8287.857142857143,8340.571428571428,8346.42857142857,8285.904761904761,0,31737,8280.047619047618,8321.047619047618,8297.619047619048,73450,8879.42857142857,7715.809523809524,8532,5,0.007309596793209108,0.007044211105270739,0.007191280733891259,0.009191214036330234,0.007477222247758112,0.007028162309860638,0.003930738212688155
2024-07-12,PX2409,8326.904761904761,8309.333333333334,8334.714285714286,8285.904761904761,0,33425,8340.571428571428,8309.333333333334,8321.047619047618,75730,8904.809523809523,7737.285714285714,8530,5,-0.003745318352059728,0.007194284315116801,0.007236035627542374,0.009185403160430539,0.007460591820446224,0.007042557365780375,0.006124727793740683
2024-07-15,PX2409,8297.619047619048,8221.47619047619,8309.333333333334,8211.714285714286,0,51264,8309.333333333334,8246.857142857143,8309.333333333334,79886,8891.142857142857,7727.523809523809,8452,5,-0.01057330827067672,0.007240418756945326,0.00721435570624941,0.00916459745550682,0.007462299542574549,0.007055968858355432,0.00506621566227856
2024-07-16,PX2409,8221.47619047619,8190.238095238095,8235.142857142857,8178.523809523809,0,45057,8221.47619047619,8203.904761904761,8246.857142857143,84479,8824.761904761905,7668.952380952381,8416,5,-0.003799572548088361,0.007089374099322247,0.007353310361205997,0.009168392174453633,0.007461110228878251,0.00713588679739443,0.006504767962643817
2024-07-17,PX2409,8172.666666666666,8194.142857142857,8227.333333333334,8157.047619047619,0,41610,8190.238095238095,8198.047619047618,8203.904761904761,83140,8779.857142857143,7627.952380952381,8418,5,0.0004767580452919614,0.007121891385535824,0.007147596062444824,0.00914782534066362,0.007467253299156634,0.007146693453823443,0.006506117425718281
2024-07-18,PX2409,8205.857142857143,8231.238095238095,8241.0,8184.380952380952,0,43869,8194.142857142857,8211.714285714286,8198.047619047618,85709,8772.047619047618,7624.047619047619,8398,5,0.004527043126042464,0.00659470076852366,0.007118730804947251,0.009125210707058044,0.007459748505257448,0.007049883334315174,0.006568240079062123
2024-07-19,PX2409,8207.809523809523,8203.904761904761,8229.285714285714,8194.142857142857,0,28483,8231.238095238095,8209.761904761905,8211.714285714286,84013,8787.666666666666,7635.761904761905,8408,5,-0.003320683111954533,0.006663564656673442,0.007158953672036428,0.00910990059401587,0.007213944637308253,0.006936210162783738,0.005625454195312012
2024-07-22,PX2409,8215.619047619048,8180.47619047619,8229.285714285714,8153.142857142857,0,39583,8203.904761904761,8184.380952380952,8209.761904761905,82530,8785.714285714286,7633.809523809524,8386,5,-0.002855782960495018,0.006636646672771976,0.007143476121642901,0.00908908491558627,0.007147483634749558,0.00694356250210238,0.005607449009707318
2024-07-23,PX2409,8162.904761904761,8153.142857142857,8190.238095238095,8143.380952380952,0,34841,8180.47619047619,8162.904761904761,8184.380952380952,81682,8758.380952380952,7610.380952380952,8358,5,-0.003341288782816192,0.006523028085816252,0.007037777460978891,0.009067809368432498,0.007135529078680031,0.006640918490725269,0.003514113431728078
2024-07-24,PX2409,8145.333333333333,8129.714285714285,8151.190476190476,8082.857142857142,0,51332,8153.142857142857,8116.047619047619,8162.904761904761,82394,8734.95238095238,7590.857142857142,8306,5,-0.002873563218390821,0.006174439464500833,0.006886902457714206,0.009047307319329371,0.007141275911275576,0.006649458075962585,0.003427568580798577
2024-07-25,PX2409,8151.190476190476,8043.809523809524,8155.095238095238,8041.857142857142,0,39327,8129.714285714285,8088.714285714285,8116.047619047619,83066,8684.190476190475,7547.904761904761,8290,5,-0.01056676272814596,0.006123452179911953,0.006846580956475067,0.009026342375360975,0.007123979116648829,0.006653694208729152,0.003417922041330432
2024-07-26,PX2409,8034.047619047619,8118.0,8131.666666666666,7995.0,0,56285,8043.809523809524,8069.190476190476,8088.714285714285,79952,8656.857142857143,7520.571428571428,8248,5,0.009223300970873781,0.006439016025183475,0.006927027392833288,0.009030269151203805,0.007183572515355299,0.00674104131757923,0.003348349917506059
2024-07-29,PX2409,8106.285714285714,8092.619047619048,8121.904761904761,8053.571428571428,0,53509,8118.0,8090.666666666666,8069.190476190476,79086,8635.380952380952,7503.0,8274,5,-0.003126503126503116,0.00662198864494158,0.006835060634758517,0.009035180575823807,0.007179841541135965,0.006854111552863484,0.007117094664881545
2024-07-30,PX2409,8102.380952380952,8000.857142857142,8102.380952380952,7977.428571428572,0,47138,8092.619047619048,8036.0,8090.666666666666,78140,8658.809523809523,7522.523809523809,8246,5,-0.01133896260554895,0.006622009600424679,0.006768394351783044,0.009014844157557591,0.007183609629701857,0.006718577048964215,0.0071254700034354
2024-07-31,PX2409,7996.952380952381,8121.904761904761,8137.523809523809,7981.333333333333,0,52437,8000.857142857142,8057.47619047619,8036.0,71097,8600.238095238095,7471.761904761905,8214,5,0.01512933138116146,0.006897671344269729,0.006688457902159196,0.009022897085860243,0.007231658272563429,0.006835669089724189,0.008269267257194608
2024-08-01,PX2409,8141.428571428572,8178.523809523809,8196.095238095239,8116.047619047619,0,48893,8121.904761904761,8162.904761904761,8057.47619047619,70638,8621.714285714286,7493.238095238095,8370,5,0.00697115384615397,0.007116347014212845,0.00699590937339348,0.009068203862099522,0.007294747058316303,0.007104824817808969,0.01187304876589494
2024-08-02,PX2409,8172.666666666666,8104.333333333333,8186.333333333333,8104.333333333333,0,37613,8178.523809523809,8149.238095238095,8162.904761904761,68123,8734.95238095238,7590.857142857142,8338,5,-0.009071377417044635,0.007053936766557028,0.007090635439057471,0.009062108625570811,0.007317947967728878,0.007160050606764722,0.0105364775395924
2024-08-05,PX2409,8053.571428571428,7942.285714285714,8080.904761904761,7926.666666666666,0,59510,8104.333333333333,8000.857142857142,8149.238095238095,72016,8721.285714285714,7577.190476190476,8210,5,-0.01999518188388343,0.007044713494026765,0.007229108557633516,0.009058901427160291,0.007318494651225126,0.007069913717092743,0.0111547973108478
2024-08-06,PX2409,7858.333333333333,7873.952380952381,7967.666666666666,7858.333333333333,0,50318,7942.285714285714,7916.904761904761,8000.857142857142,67704,8561.190476190475,7440.523809523809,8108,5,-0.008603736479842637,0.008156162459476129,0.007759339610422997,0.009133375323391835,0.007482858362544019,0.00746369532395998,0.01432784038336499
2024-08-07,PX2409,7844.666666666666,7868.095238095238,7883.714285714285,7778.285714285714,0,59147,7873.952380952381,7838.809523809524,7916.904761904761,63692,8471.380952380952,7362.428571428572,8044,5,-0.0007438631291842631,0.008267043966639324,0.00765786209454106,0.009127418995070535,0.007425063202941317,0.00748700207576277,0.01401009744862851
2024-08-08,PX2409,7899.333333333333,7844.666666666666,7936.428571428572,7821.238095238095,0,32197,7868.095238095238,7866.142857142857,7838.809523809524,63494,8389.380952380952,7288.238095238095,8078,5,-0.002977667493796543,0.00825787427762092,0.007633664069108904,0.009106071707010704,0.007393213650157702,0.007486765095191153,0.01009380098178935
2024-08-09,PX2409,7848.571428571428,7790.0,7864.190476190476,7704.095238095238,0,74322,7844.666666666666,7776.333333333333,7866.142857142857,60666,8418.666666666666,7313.619047619048,7936,5,-0.006968641114982502,0.007927427320871802,0.007621040472192888,0.009086013560157393,0.007395809942763632,0.007486403681245894,0.007464660837531977
